x1,x2,x3,x4,x5,x6,y
-0.04478491051380323,0.06598031659892266,0.3287225243593618,-1.0,1.0,0.23740013010347483,1.9741221476406372
0.2637221357795909,-0.22050213067319968,0.12035917858385287,-0.6379701637908954,-0.7242892070507214,-1.0,3.4029383392811963
0.11153391597375092,0.25466792937719196,-1.0,0.32224929382606204,1.0,-0.47661651569135594,-1.7923935677343619
0.5846760000159423,0.9664704676892351,1.0,1.0,1.0,-0.9786659690691883,-5.8539344352565035
-1.0,0.14652501657297534,-0.10631099369235916,-0.020445890127937627,1.0,-0.29746596588410185,2.860240649246131
0.38225893929774046,1.0,0.6042960856415847,0.6407080888302981,0.5533887718670768,0.7237652226958526,-2.1639065090116945
0.10547274403624575,1.0,-0.720498379934194,0.20168058156457153,-0.5559924501755067,-0.7845286203466475,1.8066637724762191
-1.0,1.0,-1.0,0.21806879725302564,-1.0,-0.5057425970676954,1.7792989503201389
-0.9553596068959931,-1.0,-1.0,-0.39069047244010124,-0.7934453097691749,-0.71246891080389,-1.3260491995773867
0.09344785865015012,-0.15591542921546642,0.2128824541173605,0.8774887039390225,0.49398303713539743,0.9010717891762778,1.1558834084493221
0.3943935293596008,0.047677029901893,-1.0,0.6265256809193153,-0.3291074106123487,1.0,5.21631010809818
-1.0,-0.10148433526783651,-0.21887847464356214,-0.4315021374049597,0.3357292088517154,1.0,2.9044048666066495
0.9497552522822053,0.6671097799337095,1.0,0.8609201975355395,-1.0,-0.9979064069628499,7.131808641697183
-1.0,-1.0,-0.1652001826289773,-1.0,-1.0,-0.802903002831814,4.538624724820858
0.4931355927247002,-0.6046576529963523,0.6407553465148083,0.5840044433486872,-0.2282147165334557,0.44083013523366404,0.0116778961053019
-1.0,-1.0,-1.0,-0.09129891575725435,-1.0,-1.0,-0.16132806936208724
-0.5969238356637483,-1.0,1.0,-1.0,-0.1139414872305986,-0.9156785128047367,6.02838371761597
0.06961504459226031,0.9991807113217459,-0.7169389525552536,0.8154124861250451,0.8088960306867872,0.7632928338222922,3.657322842599441
-1.0,-1.0,-1.0,-0.04466734230378022,0.32966381780584275,1.0,3.3556361673374835
0.19357459664330412,-0.6702165942391816,0.4277433043798531,-1.0,1.0,1.0,-1.015437128034713
-0.24276864701269302,-1.0,-0.7502377006625475,-0.5775429461190428,0.23491959205412197,-0.10846799815358499,-1.9412529256567574
-1.0,-1.0,-0.787757985526913,-0.46440271500124486,-1.0,-1.0,0.8631499772664313
0.06887060879005025,0.22772231166940227,1.0,1.0,0.33546547713827324,1.0,-3.0069059860461
-0.16562420632756059,-0.8940095381170041,-1.0,-0.1869448056057963,-0.7654715898598802,-0.9120510338822707,0.9824361421192653
-0.17924490569083074,-0.008893119873168764,-0.9160415209324743,-0.152207717481594,0.03481199160758097,-0.24530536142604709,0.6004403714189708
-0.6454690647570427,0.37735448242711633,-1.0,0.4745387285057843,0.5793935188778315,0.5003158833659194,3.123776661680868
0.7643929238070153,0.45298789379337573,0.2627377474264585,1.0,0.19352575745789158,0.4684711386945788,-0.3292672826050216
0.41480407164066524,-0.30384881321406587,0.9669902047009032,-0.35392031034893195,-0.1747888069589213,-0.6117959818180128,1.5468822701987524
-1.0,0.9073321310771064,-1.0,-0.38924625707146443,0.06972601753455177,-0.44238733299291083,2.4591227709130496
-0.5462701935892968,-0.39775314915513904,-0.8847138797637215,0.16525664713050658,-0.11389680149148944,0.807271485544628,2.777071586397035
-0.5646170097258405,0.6085461551708231,1.0,1.0,1.0,1.0,-2.520782194219291
1.0,0.9450640032074649,-0.18828132211286586,0.3528345634615626,-0.9872811515155465,-0.5105479955702715,3.733164436741812
-0.6316690738613768,-1.0,-0.14734874313506086,-1.0,-0.666188361059801,-0.2308523509709215,1.5429844654209106
0.6071803174170018,0.005955055551502664,0.3501891796518761,1.0,1.0,-0.5364587826616212,-0.7640748933163746
1.0,0.22172697682139297,-0.162634140682634,0.5760708847089813,-0.6206278087806685,0.45018326442844625,2.4386885366441837
1.0,1.0,0.5934701016364323,0.4250270844121298,0.55564555576045,-0.7407045588657422,-1.0458763142105434
0.1422078798762086,0.044422664299729964,1.0,-0.056766938058394834,0.9063732297027918,-0.8736388738148989,0.7153807670994662
0.23320843022524662,-0.6396473132083399,-0.3424903373863164,-1.0,-0.7849983820123978,-0.7106854988803049,4.540657089730445
0.5939773795509219,0.22090320706240513,-0.06020555194960919,-0.9043102845811356,-1.0,-0.22412046377001993,3.3549956829861873
-0.5884562328005225,-0.667327058198756,-1.0,-0.8282042835113658,-0.7969709952357156,-0.5535634585194011,-0.8194874316934959
0.7367297742737915,0.6664647886794124,-0.5745760894722118,0.4034318811672237,-0.6859313886851561,0.25111163765183875,2.835054570700022
0.3503095376753762,1.0,1.0,0.7496944895289837,-1.0,0.040940093638582864,-0.7789855987725303
1.0,0.7968403774774577,-0.40998075116994004,0.877767628771374,-0.46275970837219293,-0.1758513714196458,3.0908905444391412
-1.0,-1.0,-0.8349879549451376,-1.0,-1.0,-0.8635978473811285,3.6941170844039104
1.0,1.0,1.0,0.9838241580982621,0.20275717164831394,0.6938302531540452,-5.418810929523381
-1.0,0.44680756070573896,0.22405250499751939,-0.5134868025017614,-0.9748291513293714,-1.0,-2.721827268294673
-0.6161165075716113,-0.9979322175636294,-0.2526096122736635,-0.6992050717005405,0.6796982480662204,-0.10251527221104606,-0.0034049473602072444
-1.0,-1.0,-0.3531218899452784,-1.0,-0.784779504388393,0.2768194384084316,-1.164119084806989
0.6281998509717821,0.014273459922242493,1.0,0.22868910300911205,-1.0,-0.39883356671524406,2.684746559359402
-0.9508983527598653,-1.0,-1.0,-1.0,-0.7126370313856857,0.9207130860299302,-1.2989680008919198
-0.1445747234854725,-0.5446356889213457,-0.9239158562708277,-0.8550982673223989,-1.0,-0.7248197460696939,1.5449837326191247
-0.482872338223154,0.4564800379070062,0.33914157703767267,-1.0,-0.1698052839825126,-1.0,0.4932939688824234
-0.7701642604515528,0.190266390851896,-0.49791971631110293,-1.0,1.0,1.0,7.914454551136664
0.00972288920819464,1.0,-0.3679592192525474,-1.0,0.3227652329779649,-0.049786217606595407,0.35952240133913665
0.8304887853673859,1.0,1.0,1.0,0.6868707896729072,0.5366553487375794,-7.847031883061677
-0.427475145065325,-1.0,-0.15825195531537506,-1.0,1.0,-1.0,7.165062906459524
0.7240131878494428,1.0,0.3719235439386481,1.0,1.0,1.0,-0.6370740152162476
-1.0,0.5583194753869708,-1.0,-0.9375476009477333,-0.12535393497965974,0.33368300270257395,1.2322994588148277
0.7856524451364343,-0.4944728271719142,0.7732298711896337,-0.18353075411466888,0.954764326184981,1.0,-3.8033492434944614
0.2198612687472561,0.774272670302913,0.24414958700755018,0.14019234774317957,0.25398098429774707,1.0,2.812777694401586
-1.0,0.6737311064671669,0.8604432844989203,0.47813575000955,0.6507289741453941,0.6862087969373142,-1.7989016904018524
0.6182898886502843,1.0,0.017086299708211294,0.003950501750651592,1.0,-0.549146618947248,-0.20149287878683175
1.0,0.2679303941523026,0.6587638346801598,1.0,-0.3563081953969318,-0.48951773828245143,2.478380011370898
0.48753308075969953,0.5314811985451628,0.660868715487512,-1.0,-0.1284402303585439,-1.0,2.0250230876422837
-1.0,-1.0,-0.8194003788685635,-0.4136968436172672,-0.7443710391120077,0.6348262615008385,-3.89458701191808
0.021052309857184925,0.4165137913202914,1.0,0.7918529184471611,-0.6941444938106129,-1.0,2.054291516890887
0.700267270018992,-1.0,-0.9138877291486271,0.6150058312421376,-0.19628507072871892,-0.31080439727010634,-1.55565118934618
1.0,0.7913454474321497,0.6029187199618686,-0.09673159802957687,-0.03594067381524546,-0.4449277942338213,1.172994494957307
-0.25268313150585625,0.17407911557072298,-0.8508278162051325,-0.5048805206896305,1.0,0.6368834401692953,2.463821103957106
-0.5982488926443941,-0.2662359962527119,-0.4272030676592766,-0.05448897759129245,-1.0,-0.3034259195161909,-1.7314188516476663
-0.5686095809326044,-0.2251437565207263,0.12512525653763307,0.9285472018194659,0.19133740682282507,1.0,1.9037305736620334
0.4630842769114035,0.08471163179226826,0.6786626404305731,-1.0,-0.6100942325832166,0.8040252687790503,0.6156213326772422
-1.0,-1.0,-0.25693765780037203,0.6328044296459157,0.7843498615461013,0.23131576898512532,0.6962836756729178
0.09619972796475507,-0.5635913281907715,1.0,1.0,0.8877778371638474,0.9736693921200982,-0.4777902542590806
-0.609570274108804,0.7717835851674466,0.9101645169376344,-0.055544205088164045,-0.8320981531276899,1.0,-2.6272694686324893
-0.49684374769791806,-1.0,-1.0,-0.010410506235349115,0.5792529550167305,0.33558269214286846,-1.860681850997405
1.0,0.2534444731376886,1.0,0.5714843285590565,0.012876677496650751,-0.42964028255349807,0.810632362068079
-0.16071949661645873,-0.4903453772987181,-1.0,0.23405806079821684,0.16103825780195008,-0.6367863110754534,0.20057317703343613
-0.6200830386780898,-0.503685467735884,-0.33855981644014405,0.6370837717462833,1.0,1.0,5.712631781830041
-1.0,-1.0,-0.8043968003626198,-1.0,-0.2363594383832102,0.05014304201430747,-5.90109587699064
1.0,0.33456551538382123,0.826513155632006,-0.3250135261401592,-0.5062858099487639,-0.04145487476390519,1.829966904878559
-0.45364174127502466,-1.0,-1.0,-0.8202691283943445,0.15494840378547492,0.5024183894594412,-3.9950875243964465
0.5847685118909964,1.0,1.0,0.4741826072007669,0.12374000410059671,0.45767886247977585,-2.9480982288426842
1.0,0.5271633155696767,0.3636527181440832,1.0,-0.42130393284775547,-1.0,8.188160061249627
-1.0,-1.0,-0.1967508103384622,-0.7371655706037856,0.22098874463896956,0.23682371411624903,-1.9324224452738656
-0.21602273683669526,-0.8651164882146842,-1.0,-0.4383215804449516,1.0,0.9961004110221165,3.7697574782920897
1.0,1.0,0.284461913578004,0.26233962308714687,0.8453956767539608,1.0,0.2664811204984264
-1.0,-1.0,-1.0,-0.26297771627812866,0.8623773257073232,1.0,3.2242675596269414
-0.2041024448846792,-0.8545402073860577,-0.2205340087185339,-0.29252685936323175,-1.0,-0.7349405128082042,1.8784834318589476
0.8409381715189412,1.0,0.005731955203727823,1.0,0.40659911153401485,0.5321326934675856,-0.16626241753735033
-1.0,-1.0,-1.0,-0.6769550671675517,1.0,0.7181523043613963,-4.310076731900424
-0.634546127080402,-0.48638213174853173,-0.7433640155873253,-1.0,1.0,1.0,5.306972428219886
-0.8226549673460779,-0.914023421333567,-1.0,0.9820961414888398,-1.0,-1.0,-3.1855239889686313
-0.8089009858725331,-0.573131509898843,-1.0,0.5703790920625582,0.8680476328679252,1.0,7.805146991558359
-0.10311230520206027,0.29778409711164533,0.27368376452729515,0.21415062273315671,1.0,-0.5446178205618002,0.6434123041538744
-0.4376413065978966,-1.0,-0.07905036650872932,-1.0,-0.09389998804766231,-0.2346903964054876,0.8404616321678253
-0.4799421157114925,-1.0,-0.8497464894825362,-0.07671252161984143,-1.0,-0.5030572443512726,-2.891556228502578
0.15235185691851177,-0.13872224217886603,1.0,-0.6721749989556763,0.7555531252860024,1.0,-3.3472428134739087
-1.0,-1.0,-1.0,-1.0,1.0,0.08307821624110781,-7.32983111521363
0.010819196286258492,1.0,0.195908703548312,0.7848431767063271,0.3724249394010537,0.32457766658817144,-1.1012952663553923
-0.03369483150283925,-1.0,-0.9542619523817042,-0.04446022731689164,-1.0,-0.4499988837522401,-1.722666688801711
-0.6247115471703244,-1.0,-0.7361681995851302,-0.8365314678011557,-1.0,-1.0,3.9315406637186947
-1.0,-0.5149648646292644,0.9414072936978227,0.5198286115365911,-1.0,-0.188012216802194,-2.166990686991856
-0.6571470402478735,0.6914507204878604,0.9313302829355923,0.5528566988407395,0.4173764581071737,1.0,-2.1151910039657205
0.7434226188756226,-0.575637031964083,0.8024432478675,-0.7572645684230792,-0.2359749031018752,0.3664735360395889,-0.9163291794056354
0.4143357878778866,1.0,0.24732579479379369,0.6494015191090063,0.56257660123947,0.2895272081345055,-1.4522677797689272
-0.8737526940083995,0.44828108349643325,-0.6877668160464194,0.01722470986791086,-0.8420167736309696,-0.8584988353934827,-1.070971657618113
1.0,1.0,-0.18645506189419486,-0.11091318661694438,-0.10364054019684556,1.0,4.968043352324171
0.5905129419955917,0.5359830685197451,1.0,1.0,-1.0,0.9292482061181817,0.010649315025343081
-0.16980476289963364,-0.17737337226472993,0.08960399909919203,1.0,0.23415702520428586,-1.0,2.4115381103294236
1.0,0.19635532998127214,1.0,0.948745326703342,-0.4947802356504464,-1.0,5.8764973759905965
0.9719665718912449,0.019116582117426173,0.925855328545376,1.0,-0.6673911879330604,0.8056108937226235,2.304210561047528
-0.2752575885724676,-1.0,-0.4470169315952734,0.16795814137852222,-1.0,-1.0,1.758797373210993
0.049273839936011865,-0.7734887681219027,-0.5114430311684036,0.4054310414580747,0.8386360744849422,1.0,3.8150650435799354
-0.6266099957570731,-0.8134502268264091,-1.0,-1.0,-1.0,-1.0,4.7480372908661455
0.1595111788424256,1.0,0.11269077834712432,-1.0,-0.13182546731554345,0.8308262044517563,4.463352417852826
0.09072568628300748,0.6079420915888655,0.924524113925063,1.0,-1.0,0.6770998777765509,-2.0810703926368355
0.8438825260081857,-0.3123494469284842,1.0,-0.12014189050733354,-1.0,0.6040839457627234,2.232134688372803
0.10719922695583478,0.3614273394922911,-1.0,1.0,-0.2830267703722512,-0.37026888162177574,-1.798883954265294
0.5542422916162882,1.0,0.4890922160405713,0.2725930229587883,-0.7854674382572127,-0.7811242007373038,1.8100105137637408
0.20558692988380256,-0.32174495011507465,0.41435832746069157,-0.1817552600060044,-0.11118649524973706,-0.374110324366035,0.9008565592738823
-1.0,-0.5043925074093074,-0.4135504302145323,-0.47452265622274314,-0.6200280401531957,-0.35073576217279545,-1.2359765926044366
-1.0,-1.0,-0.5537955982445044,-0.3934240000189715,-0.6183175847668205,-0.33466674901865506,-1.460609156434487
-0.5463930066208444,0.2318583234231365,-0.43721121457871515,-1.0,-0.0028348668115560915,-0.8685144725268328,1.2861847162707145
-0.11347048776169383,-0.9260804806027424,-0.5869179241936604,0.7463846017766251,0.3621354493099608,-0.07482032788311227,-2.973199573270959
-1.0,-1.0,0.6993608197041141,-1.0,-0.6709064817169061,-0.15599015752905768,1.6655968038167899
-1.0,-1.0,-1.0,-1.0,1.0,1.0,-1.5605734960012616
-0.9483136119147042,-0.43725758443518115,-0.2962955033701751,-1.0,0.15209212883691936,0.23203627250046943,-0.47803649250132557
-0.04587446035926174,0.09255471688536643,-0.9397888180705846,0.4215918705809949,-1.0,-0.2292531634544856,-1.705717195350801
0.00568650000637505,0.093071404092125,0.9166101777978073,-0.466163260156287,-0.38084198260884594,-1.0,1.8760516183167741
1.0,1.0,0.09884954970833171,0.17241561035757602,-0.42657450059152324,0.924806293937077,3.4545848704558195
0.0009600356809411209,-0.3817622837931617,1.0,-0.8624664154127648,-1.0,-1.0,2.365148718881195
-0.510613964858591,-1.0,0.07404301411880676,-0.23521290528784872,0.08198462844158783,1.0,0.7777326425296553
-0.13277520872761803,0.3404450626296662,0.7594139882969326,-0.2664447540318258,-0.01395381297477849,-1.0,3.1031519164424637
0.12220424700363675,1.0,-0.8558145821529256,-1.0,-0.12285881785935115,-1.0,0.9761012371798322
-0.3782208506598109,0.05550836396011355,0.16144993940248625,-0.10917383203742564,-1.0,0.046878478062780005,-1.4266422637182015
-1.0,-1.0,0.558474323053893,-0.9689705358741941,1.0,1.0,1.2854281920604538
-0.5826846235605077,-1.0,0.001846001208156478,-0.8891465093842232,0.17228278365961114,0.9986787359833693,-1.1986943745848588
0.7652516437775835,1.0,0.029903228411308068,0.25976328453670894,1.0,-0.7594005503910995,-0.11867122089259957
1.0,-0.24015112759789087,1.0,-0.6557180437439081,0.7496138465080049,0.6770857719767488,-5.273671432005934
-0.5487219284139757,-0.4834311796227079,0.2845476207870281,-0.1337063687648677,1.0,0.634190374111429,2.419572548468895
0.5937662001051968,-0.4443365788272813,0.14317658761590268,1.0,-1.0,-0.4750005249642273,3.6115340296536176
-0.7987116689324202,1.0,-0.12897267040581045,1.0,0.3238018219394275,0.44812868134910055,-0.7651444032837444
-1.0,-1.0,-1.0,-0.24689833574966769,-1.0,-0.847572156916615,-1.2570697921611829
0.48712049152521486,0.5800377416234381,0.4444857528644479,0.2309294942747569,-1.0,0.06654571107529211,0.14533552556397478
-0.16871783837443122,-0.47330919065726884,-1.0,-0.9897432699912077,-0.21899364095676455,-0.49457360400971206,-0.738526720546357
0.6040448945631223,0.06947884518428782,1.0,0.023625604396732225,-0.1944813004848704,1.0,-0.7293870081059151
0.9793545680742733,-0.29850184189787476,-1.0,-0.1437351725428549,-0.8161698749193874,-0.5887406192759158,5.135442477776171
0.6134123176726953,0.459928781871446,0.7467411471553445,-0.04831698861174394,1.0,0.4901895131227547,-2.0865949435343616
-0.9012718047434511,-1.0,0.19654043068954646,-0.7773770930779936,0.08963513623099073,-0.19255191694980334,0.2739675351675637
0.2978379319528315,1.0,1.0,1.0,0.6347031667349278,0.6245317316186798,-6.674451365805345
0.1148209492165364,1.0,0.5189691720102023,1.0,-0.26382967285732734,0.2317163033055834,-0.9620883077529154
0.15949956477530491,0.684225544068231,1.0,0.43968877278431195,0.00013491201001836206,0.03955461421303874,-0.13336237979693277
-0.39744491159903395,0.07798474593208238,-0.6205003624654546,0.014923674278993437,-0.4873113698861047,-1.0,1.8974745630586503
-1.0,-0.9299237060612805,-0.6187385633591851,0.8199131555068849,1.0,-0.4637252871884407,-0.8419274016687307
-1.0,-0.38807245710143023,-1.0,-0.31932894435941317,-1.0,-1.0,1.536265291297993
-0.47100479023260333,-0.007609308373521362,-0.10168294882539963,-0.8526739383438848,0.3112723014316846,-1.0,3.317870158051494
1.0,0.9938628583637759,1.0,1.0,-1.0,0.8492470366789727,2.135462066174271
-0.397647385371515,0.47613573652770846,-1.0,0.2110540249523226,-0.5309678880085438,-0.08340298524637857,-0.9548844271219623
-0.5619329041612466,0.0023501052683874146,1.0,1.0,1.0,0.29013557455723105,-1.7067071966633678
-0.02742655278736028,-0.2711385437916024,0.39687817005104276,-1.0,1.0,1.0,2.0193702313560946
1.0,1.0,1.0,0.7694779723016281,-1.0,0.1422688782940894,3.10787202163237
-0.043616486635250085,-1.0,-1.0,-0.047902659567517936,-1.0,0.015511291590596832,-2.938576020323598
-0.03264323440573175,-1.0,-0.3604034874149411,-1.0,1.0,-0.42931819250783354,1.1268941668444143
-1.0,1.0,0.024922904411864177,-0.08570419429256304,0.7428050432205147,0.0002551205032217396,2.585830176156658
-0.30256715614725327,-0.1387825504703648,-0.8046579314692446,-0.45550827339080696,-0.3899756151820173,-1.0,2.357522954992191
-0.7043006290889013,-0.3605304602236201,-0.10167807242960925,-1.0,1.0,0.9147811055276168,5.472455859975229
0.5659518384394908,1.0,0.8764987304124965,0.10397893528136515,-0.31938598763610115,-1.0,1.0963039334958964
-0.6579438342553356,-1.0,-0.9002159365885791,-0.5780945240584143,1.0,-0.17293912255440458,-2.794468067388565
-0.7278321622807508,-0.656027515412456,1.0,0.3780818972124363,1.0,0.5088691648487675,0.5548499828715614
-1.0,-0.4705529310305405,-0.8800262928326439,-0.8800826064549665,0.9652528948441679,-0.4034141845035914,0.9219478897418998
-1.0,-1.0,-0.023619768363229987,-1.0,0.6088726587370143,0.014233984815635758,0.5702497091006415
-0.8224785424719322,0.4292944768835483,0.4208881195477552,0.03286078379061386,0.12076201584157431,0.40531949753229346,-0.07611301167046834
-0.5468875736256826,-0.18549911594906576,-1.0,-0.24436983336312146,-1.0,-0.7511261307969948,-0.6775143391954377
-1.0,-1.0,-1.0,-1.0,0.4110798686088539,0.24677500611318792,-7.60015001123358
0.4028343475822537,-1.0,0.8262052768072257,0.09284894300179924,1.0,-1.0,2.365023201540796
0.6453003179198169,-0.7317080430721956,0.1540494640757586,0.8601953651743544,-1.0,0.4798480226966051,4.060054948822404
0.8284736229857783,0.09026727503686438,0.6364664454537432,-0.12972308259211918,0.10270278201216088,-1.0,4.030404339142985
-0.4708878950396598,0.30166375356804664,-1.0,-1.0,0.5815164459654031,1.0,9.399013676139527
0.01838118015858825,-0.057825182197661196,0.24551493123980317,0.7653207473033306,1.0,0.002146299774632543,1.2949597425794315
1.0,1.0,0.11908417908779279,0.6411880570768969,0.562037422942742,1.0,1.007502468496679
0.6328903862430728,-0.47431557615108305,1.0,0.28030987127187257,0.026259917692311063,0.9130637578432694,-1.4144065540612383
-0.3930266500554167,-0.4042878565920909,-0.03139042380544835,-0.5120519723966241,-1.0,0.12926728297064233,-0.5855998766741608
0.3308629748454738,-0.01816111191091785,0.46894998077834005,-0.1153715520478028,1.0,0.1743722553755098,-0.21584712460757094
0.1334013891380622,-0.09337202842749476,0.2672658457826915,0.8630924485951181,0.40696780367121016,-0.5446570324974306,0.05789338920050657
0.4766521907810397,0.9974817035402547,0.2241102954045261,0.6396523490559354,0.08906069076315297,-0.43134494309787785,0.9160199809218619
1.0,0.6369402971010749,-0.09369459032668936,0.37084829777481687,-1.0,-0.7771152097362158,5.9797662611941735
0.6694855333416809,0.08579012655376567,-0.009950275689497606,-0.055720132844490344,1.0,0.3704785284539316,-1.1345463722004259
0.9376021994127455,1.0,0.8256690171995903,0.13093961028159307,0.005591078198702748,0.19319717685799845,-1.6933915843778773
1.0,1.0,0.48650902474664615,0.895549138774306,-0.9724047654785043,0.6718680170513325,4.4908930851644175
1.0,0.8569221575289797,0.28807303845475296,-0.594958942164615,0.0478667114715271,-0.8777325707251188,2.078732467067776
0.8759458293130942,1.0,0.7988291543195698,0.5412183994196471,-0.7091446476158048,-1.0,4.691253518902567
-0.4001487633807744,-0.9716467254290566,-0.1545789081615356,1.0,-1.0,-0.5786677483183531,1.1461468367326897
-0.19714325825112322,0.6366330776887789,0.2751970003387686,0.012423140214473105,-0.33314200595043963,0.2621986498523856,-0.18472043779576888
0.6362654608230226,1.0,-0.3371091875020202,0.7586158258762872,-0.5138538954652752,-0.2656151798032982,3.473877669937964
0.7175153278551141,-0.4126554349239959,0.08275295808938887,-0.19578854204673202,-0.14424362225432547,-0.7480364614302009,3.721494239798818
1.0,1.0,0.9603034856620858,-0.0019400887560892532,-1.0,-1.0,3.008915784624295
1.0,1.0,0.06013257848005693,1.0,0.14444231931278706,0.19770626323071472,-0.5454950149665948
-0.1271428530772133,1.0,0.19419072490603329,1.0,-0.13751792205996127,0.7319013013987774,-0.6775975478735224
-0.8716660430296751,-1.0,-0.4789111526544161,0.5865452158016797,-0.5247918892920059,-0.21211821114409068,-2.677266960880972
1.0,1.0,1.0,0.7464918247143673,-0.3973847896174182,-1.0,4.759702004398526
1.0,1.0,0.5105920308456974,-0.09210283820283038,0.22408849178735585,-1.0,1.6049437703851925
1.0,1.0,0.051996254495284555,0.11917490399731223,0.7988722453510302,-1.0,0.8974034677748056
-0.12374587070598875,0.8830150025272913,-0.02173375840339936,0.7172789514109404,0.015756820679932892,1.0,2.5640978563387096
-0.9931128221141943,-0.6435165611930669,-1.0,-0.7983488442261619,0.3365897063575748,-0.41619139162425556,-2.3844328748351895
-0.6397211941640623,0.39054344302800725,1.0,0.00178572469346866,-1.0,-0.6102308313128626,-2.482832415724064
1.0,-0.9120281091614524,-0.21462907618234223,-0.17253956370053608,-0.11795280703913902,-0.3993228178653392,1.3930534594629165
-1.0,-1.0,-1.0,-1.0,0.8145407087324109,1.0,-2.6207114307571096
1.0,-0.12270067039921739,0.953699804117665,0.9388419749596364,1.0,1.0,-5.965333965344692
-0.6672448169002033,0.08659127461015953,0.26808492341036894,-0.06120325640552751,0.6239400347281217,0.13755069612416526,1.6502187380447295
-0.25432939482995265,1.0,1.0,0.4774937196257958,0.9524792373914553,0.2522554713477263,-4.075909874181164
-1.0,0.17390239674601995,-0.6219874227175024,1.0,0.7923998018718116,-0.191764238236063,2.0935107334962724
0.517245622239185,1.0,0.48480279764972267,0.38169021992831587,1.0,0.36742604904118403,-1.8884597911572771
0.16343601391110307,0.2357818656067996,0.10107767696568315,0.11646243321692906,1.0,0.30476524990642173,0.42190977881310787
-0.24395171967394713,-1.0,-0.723061032865939,-0.17109342453881182,0.1881511161593652,-1.0,2.387284726633675
0.4247108291836387,-1.0,-1.0,-0.6662017716817912,-0.8804386857638857,0.45240966624204476,2.8056603943309666
-0.06130430181365169,0.928067186207362,-0.9806374499669241,-0.4067320065015235,0.4706233651576481,-1.0,3.720987282105005
0.11923697416160717,0.07775546931074084,0.13999482898475912,0.08833921650170384,-0.3165868091860444,-1.0,2.5366337461421433
-0.011687227723651883,-0.12990804630138564,0.1921354802956624,-0.2922037895438688,-0.09197489084012478,-0.1000317025899877,0.7851425692674128
-0.7319811675550328,-0.999759437226533,0.12737728754125285,-1.0,0.9410077871648441,-0.30202206475720844,3.6295116205571363
1.0,0.5001320693211039,-0.10999597152530077,1.0,-0.010952185632444489,1.0,3.466861473591087
0.5501925570125418,-0.441500236571984,-0.06506382658239573,-0.03951578495890462,-0.1538634742832592,-1.0,4.420057519247075
1.0,1.0,0.04511280212056186,1.0,-0.3975029727024255,-1.0,8.469086989118727
-0.5320427753046478,-0.6565165387308063,-0.2159306788108061,-0.12493063635437474,-0.29226793525071204,-1.0,3.1034946047921923
0.24291611611872876,0.738902623792441,-0.23806649255801027,1.0,-0.5049825070667106,1.0,4.167593909880396
1.0,0.8318226905598589,1.0,0.8417281351275934,1.0,1.0,-8.005643739924405
0.1330312352882801,0.26782643757391655,-0.16667217868563877,0.9383501309157863,0.9159068013856384,0.06991141234901588,0.9519136251673905
-0.7433225478399816,-1.0,-1.0,0.013824842995231845,1.0,0.6326537836431214,-0.989328926038503
-1.0,-0.6576362779606396,-1.0,-1.0,-0.06707973502215725,0.27479423703492,-4.28137954211568
-0.5685204977377775,-0.5789724028767075,-0.33472689580130954,-1.0,-0.14667219125405195,-0.023408477716474696,-0.858479503322978
0.5407307321390218,-1.0,1.0,0.08571803864585592,-1.0,-1.0,9.073238444333478
1.0,1.0,0.39937177581725924,-0.32540315999740116,-0.320948229175674,-0.5995599161961351,0.45026886421708257
-0.48176858128367095,-1.0,-0.6106776592043276,-0.685521457749239,-1.0,0.38902388368620133,-0.895219374378533
-1.0,-1.0,0.37079227436908613,-0.6693628306895633,0.11237993629516174,1.0,-1.2204265476943126
-0.5781469836593804,-1.0,-1.0,-0.5964820100704447,-0.04350155998717614,1.0,1.2362010709724933
-1.0,0.11579351548137673,-1.0,-0.6749954811430553,1.0,1.0,9.799589879666957
-1.0,-0.577265040656912,-0.491910341073811,-0.9934847291256823,-0.7437544426033663,-0.9808780419535158,2.8006209862090157
-0.048735626739165205,-0.25798012338255133,-0.10235129311317731,-0.962809353680701,-1.0,-0.4260023856909303,4.113080643514423
-0.3426884308462357,0.7688380966342637,0.6547311127313444,0.3615103742598655,-0.9436358699245588,-0.4424411006719713,-1.5879472671489312
-1.0,-1.0,-0.9433609552962396,-1.0,-1.0,-0.41174406487114507,-0.1902426240527617
0.5171417165774368,1.0,1.0,0.6009509252177807,-0.6278143424973137,-1.0,2.1546951282226248
-1.0,0.6514986243171899,-0.9321081132525293,0.36906393415212657,-1.0,-0.9853376025759761,1.3579053707255335
0.8761210984556369,0.517510536153996,-1.0,-0.5941407254361957,-0.9792457101800689,-0.3045393624340518,3.520260484928231
-0.38433906771581405,-1.0,-1.0,-0.7037326619076778,0.8628738942247361,0.3360101433419474,-4.484903929533391
-1.0,-1.0,0.22248817488756878,1.0,0.50291808546898,0.2600501279172881,-0.4703703205094364
0.16339089657159755,0.04955641378461651,0.5540735617865076,1.0,0.11378912416081033,0.9331729888114336,0.6120307608521207
1.0,0.14740651534186933,1.0,0.6199033062564017,0.16541073739556833,0.347613032204626,-1.4960387204950345
-0.42619476898233777,-1.0,0.06931850154443264,-1.0,-1.0,-0.828883298988784,8.142231957538474
-1.0,-1.0,-0.5765285780832133,-1.0,0.05384444185781079,0.7203794920173217,-4.1859682837562415
-0.6105958772429172,-0.5863163052663962,-0.7431930138051721,-1.0,-0.09778986459220963,-0.46199637348378414,-0.3503126956368815
0.18033403014111693,1.0,1.0,1.0,-0.2678717622059904,0.5967675806146128,-4.703412170938185
-1.0,0.1821785415564049,-0.6987867772087699,-0.484237994613927,-1.0,-1.0,-1.0999770038905339
1.0,1.0,1.0,1.0,-0.4914220069485471,-0.08879973735426883,0.9692893357960326
0.9823744622586555,1.0,-1.0,-0.644137040860719,1.0,-0.23914652162330075,0.18408365269547278
0.053600180094253824,0.014052080170836811,1.0,-0.18334003073471727,-0.24582435674424286,-0.47301852168552105,0.4274559949478176
0.2755882782513449,0.2173012742493089,-0.3859656535273952,-0.872199656458238,-0.38241091927472576,0.32430398087239537,0.1313998921431737
0.8515910387148833,-1.0,0.08504365491403729,0.5642954474144695,1.0,1.0,1.0711023060218758
-1.0,-1.0,-0.6935408603993486,-1.0,-1.0,-0.1522942173731594,0.24877504235517278
0.3088807220283405,0.8876687675099693,0.16758430538575197,1.0,0.04285463093689046,1.0,1.8621040052729207
0.9922585040288223,0.47683485042950213,0.1749680498894336,0.4175994373089402,-0.6671865332895374,-0.04783781326116354,2.1668012809835906
-0.8715466512124632,-0.9963604659885238,-1.0,-0.3055139001111683,-0.9915462658919703,-1.0,2.0022846745092977
-0.2975684833351716,-0.9249461122551029,-0.1057379359236168,-1.0,-0.23322818289514635,0.9226677186006603,-0.3124487096003374
1.0,1.0,1.0,0.4207117752460725,-0.7855448683334385,-0.6520666460841241,2.9806665536170955
-0.49834308935064486,-1.0,-1.0,-0.08505846262095718,0.5376032718087814,1.0,3.511698156206754
-1.0,-0.898411405743435,-0.8869573331149964,-1.0,-0.739984474930475,0.46309437993764524,-3.2447594443745684
-1.0,-0.8047425476888153,0.15059937672142187,-0.43277928613184846,0.5540936704473407,-0.051707405302244824,1.877462703596194
-1.0,-0.5089442874410192,-0.1562309308325427,-0.8095567032302045,-0.31516405341658754,1.0,-0.6229908774753737
-0.5575507868500479,0.8269950976122776,0.5642580273658945,-0.8189127814035648,0.2756867763065552,0.3259109209031795,-1.3829165489880455
-1.0,-0.4546769046251051,-0.5483336774422625,0.3314332695778889,-0.5332304882490788,-0.7969162552134169,-0.22398182781341502
0.1427056409364228,-1.0,-1.0,-0.760044563540875,0.14532326562879858,-1.0,2.0416174845547075
-0.5608501607573475,-1.0,-0.974025368024849,0.00013429986278468142,-0.22178996824882435,-0.30099159701929445,-3.3609178958073533
0.630693051091928,-0.08848696221879956,-0.5453646371287421,0.637614282972479,0.5453612673514971,1.0,2.613938104206989
-0.7720794024764527,-0.27070882032126375,-1.0,-0.34650709723758233,0.5120754793320577,0.6834401147464223,3.308816234352091
-0.6631327751266449,0.9262987672196268,0.2864654552676712,-0.6339343308638327,-1.0,-0.4766662093775164,-1.9367413970574878
0.8607171247528547,0.3831879978446662,0.2562340080971522,1.0,-1.0,-1.0,8.492768159969051
-0.6965083474219125,0.35130269804313347,0.4320241705842044,-0.3429845801222385,-0.925038318123962,-0.027625262450882926,-1.7190425057727197
0.09594606610575096,-0.21884763166899546,0.6067335587151851,-0.45687580241254355,-0.25809783080553994,1.0,0.8882543376237394
-1.0,-1.0,-1.0,-1.0,1.0,0.9930608694990695,-1.6050806175198515
-1.0,-0.18874468188915938,-1.0,-0.8150530714609749,0.7721673855491369,0.2251733153673645,-1.508958170712698
0.6400706582468423,0.13362039649897606,0.3589669785444762,-0.038422301194996844,0.6442549831800455,-0.6715593346510538,-0.2967486021383952
0.38858987016351487,0.30799669451258643,0.3243085928420337,1.0,-1.0,0.2424619917335855,2.197112626077234
0.348412921531272,1.0,0.15922804864352802,1.0,-0.45386343944638063,0.5297206517580774,1.995437570597225
0.03679084287512824,1.0,1.0,1.0,-0.7909431260436868,-0.1431646804589497,-1.5985686512757
0.600707865542939,1.0,1.0,0.8423967906410126,-0.5920330874223051,-0.7985933289935121,3.1717174549517466
0.07669902081187496,0.056284377673069985,-0.20129572185852007,-1.0,-0.3039484000179482,1.0,4.093303388439802
0.039405630657461055,-1.0,0.3153774294505328,-0.9313176055041426,1.0,0.07688976430273167,0.20374262506691243
0.9163316057756639,1.0,0.7482528409032101,0.2536490746092235,-0.8523490599169317,-1.0,4.113843680948385
1.0,1.0,0.6224336207872139,0.2763622819521102,-1.0,-0.04987402429260224,1.0793618845843125
-0.5317203064343621,-1.0,-1.0,-0.6732158821071226,-0.6682530103876949,-0.631391857911968,-1.0003379862401074
-0.9637518127975313,-0.4394274460005685,-0.3873509153058399,-0.310941682138724,-1.0,-0.2540469883329488,-0.8683409030816289
0.543717615320296,-0.23461629129677597,0.5136299064882888,1.0,0.4489925623486025,-0.7972291882324579,2.124579925358547
0.5931341889813915,1.0,0.7404659669753093,1.0,-1.0,0.2548621441126938,0.30938274625670625
0.21801791040929297,0.03384755300047204,1.0,0.44700590532659046,1.0,0.6352028304285195,-1.7107401999250904
0.5199363393724661,-0.6002330636822328,-0.15365927006444519,-0.02372312936182619,1.0,1.0,0.7386678228292969
0.24504919244983653,1.0,0.595524181602778,0.4183908660160786,0.9085921919098852,1.0,0.464908508541967
-0.5722295051915236,-1.0,-0.1811315579293118,-1.0,0.10432094493908917,-0.018346143910376034,-2.0667448800568726
0.8795916225348113,1.0,1.0,1.0,1.0,-1.0,-6.837032384146094
0.47854117625368214,-0.7812285498132507,0.7514140250422592,-0.35520274365080967,0.033659262226193365,-1.0,5.788393300163045
0.1766433851591216,1.0,0.8371724380080885,1.0,0.7227222781723874,-0.729207085191033,-2.6766444693163596
-0.37151245790952103,-0.04856530950437721,0.6658857247754043,-0.18248828325574296,-1.0,-1.0,-0.15573462494080267
0.5537830173629947,1.0,-0.714229924679852,-0.20142175344909702,-0.6075780192465519,-0.4017310783475865,1.259202007437759
0.07638531371813495,0.07720319277459209,0.13594789342590682,0.6722906030204711,-1.0,-0.1143006834729714,-0.21496711293268944
-0.0660122089146451,-1.0,-0.690416125079985,-1.0,1.0,0.9825248060944743,-0.09047784753620303
1.0,1.0,1.0,1.0,0.4573135768917816,-0.614080064734585,-3.289960508590332
0.8107450445830101,-0.6031880013232245,0.49659015191732103,0.8305122607469502,-0.8253555693430639,0.7974477854780875,5.3330683857174215
1.0,1.0,-0.3311957574347978,0.3532151764541019,-0.47994066274740516,-0.18682839590109745,2.5107442974009944
1.0,0.17788336999962817,-0.26152628812120193,-0.28448278216966305,0.004752014925313852,0.5376520370677284,0.08129035955105779
0.27273584865809375,1.0,-0.31688863911542,1.0,1.0,-0.5321902367756217,-0.19886507905689238
-0.22764880968951245,0.6379425440717392,-0.6144786218003325,1.0,1.0,1.0,6.949951796551252
-0.4173047620568431,0.5677879425924386,1.0,0.2523884987232676,1.0,1.0,0.2466491368736718
-0.7409119840941608,-0.5768477993887535,-0.7735663724995425,-0.44896070013741496,-1.0,-1.0,1.4504449177766707
-0.44662917552054693,0.4165961635956642,-1.0,-0.730401311831133,0.629249216550012,-0.9733789142313285,3.488188707754424
-0.9208391174273931,-0.33566546015573756,-1.0,-0.3011950922439766,-0.002057721656749112,-0.9880834187876191,6.3569308388013095
1.0,0.5817573980095738,0.8354988288033449,1.0,1.0,0.9802053904927557,-4.730452920775775
1.0,-0.08554317229521013,0.7141135051174692,0.6522884071477081,-1.0,-0.11476051246464036,3.814805311232608
0.11937864257534891,0.8515516729049755,1.0,0.2536278237545446,-0.6607082957259716,0.7027695486322165,-1.350711055831895
-0.48273591857480597,-0.04852135328447449,-0.6367339234314262,0.7756749914060322,-1.0,-0.5738330196573068,-0.8778857556929114
-0.17763620073224662,-0.5593253641566309,0.2635906913670766,-0.8342852228544693,1.0,-0.28379036511987454,2.2455980228404284
-0.33708969271185674,-0.2952409704459249,-0.8998396659654367,-0.1996398279420637,-1.0,-1.0,0.48177505745005544
0.13241234551404757,0.26659786672777175,0.5452606536441773,0.6035350586241162,0.9782568928847948,0.7080458978131948,0.9536148119595655
-0.18585925098961764,0.08813527444563299,-1.0,-1.0,-1.0,0.022409257959910722,-1.0278104868262181
-0.8814244965025447,1.0,1.0,-0.8147387729579885,0.12210609521763138,0.04087894485849897,-4.609190193474767
-0.04639424761074906,-0.02886316231117192,-0.46265128647124326,-1.0,0.6801662352041039,0.08596656863540209,1.093521360440978
-0.1700306736822612,-1.0,-0.7897124785679235,-0.42389877570591883,1.0,0.47934728851208674,-2.0969457835077248
-1.0,-1.0,-1.0,-0.1224184030559603,0.6797283097667842,-0.38130466549697095,-3.0440711436692647
-1.0,-0.8590793705178362,0.6236394934036592,-0.6590939022244724,0.1926581854010394,-0.22870173968952318,1.0479872343964352
-0.006948983135203868,-1.0,-0.25818203118297417,0.061631519841988114,-0.7961974037671318,-1.0,2.6836617552717725
-0.9619575535722196,-0.8757703920500315,-1.0,-0.4086567495759783,-1.0,-0.9435303721410253,0.9679114929592593
-0.4598009083365986,-1.0,-0.29215595419742457,-0.2229800071599799,0.3709644285755751,1.0,1.6636529483935019
-0.6887699390944684,-1.0,0.026681161318965585,-1.0,1.0,1.0,1.4809189157358502
-0.2881693883748403,-0.2184142468855143,-0.5144868856508344,-1.0,-0.9096407275633581,-1.0,2.3235186694198164
0.7477963960367084,1.0,0.5060824629055081,1.0,0.7499951306554355,0.37294564806083397,-4.06386933041028
0.49284365704207866,0.8903028066952134,-0.6131132173819273,1.0,0.6114921818282149,0.2319306046394607,-1.3927473479452335
0.945435939958746,-0.11994551850824531,-0.1243899208794694,1.0,-0.2215802329710761,-0.668973774132096,3.0458311546720886
0.3073024968420712,-1.0,-0.44252833487026444,-0.37119588147162386,0.12807670589173117,0.9595884899049645,0.54157152217553
-0.18163573331397787,-0.6788376988129754,-1.0,-0.4667044487180836,1.0,1.0,4.875210503881701
1.0,1.0,0.18964303808080496,1.0,1.0,0.07286209954305511,-2.949379477645597
0.6294580000435321,0.6408766649415107,-0.42324168799187967,0.5928053357463727,-0.32029014987736854,1.0,3.9747676174968323
1.0,1.0,0.5760865548005154,0.4534749516087031,-0.1813379553545008,-1.0,4.956068760939996
0.520009694226964,0.9060039974375635,0.6653285255243077,1.0,1.0,0.7813379368700573,-4.666353969716318
-0.5937412169132681,-0.2056547658104006,-0.8519251658352522,1.0,0.7781816923203955,-0.05807528608089922,0.18409520107227118
-0.802269481935718,0.5572682559834459,-0.13486247596209755,1.0,-0.34675263512032073,-1.0,2.1688046452240464
0.009544302908895463,1.0,1.0,-0.2206709193487879,-0.04980785173536395,-1.0,-1.398118689293592
-1.0,0.40526957853857704,-0.43254492633427466,0.5802344637950019,1.0,-0.26788812956074953,3.1886742871638427
-0.41929987437921157,-0.7608244245007025,-1.0,-0.5456904964179508,0.1634834342752699,1.0,3.1808577606137476
-1.0,-0.4860910360021595,0.9366725029900329,1.0,0.10975360544773283,-0.6312145989353432,0.9871708355170538
-1.0,0.18401022243088705,-1.0,0.3315095741750441,0.14026618856468331,0.4887483723906949,1.356538535802979
0.7218411613238462,1.0,1.0,0.4906943842991529,0.40579901873981694,0.48874213192056903,-4.309932985898337
1.0,1.0,-0.7178373495762669,1.0,0.8191414682591922,-0.686627881744834,-0.36871290679172697
0.8349014679894741,0.9480037699960888,0.02293520046869016,-1.0,1.0,1.0,5.930145821972533
-0.9492042812362348,0.1988757818734619,-0.2804456491270576,-0.8832277129074988,1.0,-0.41198252603060803,5.405768211412097
0.8799042401122563,-1.0,1.0,-0.11865517732714936,0.2065401875567916,0.5561728063992103,0.2161855414831046
-0.8358739787180721,-1.0,-0.1685741237704108,-0.2052990005574864,0.8948382813522746,0.5492766752573005,1.5471770481868785
1.0,0.21309900323122943,0.23459589786250468,0.04361920858735391,0.16602427761391392,-1.0,4.0498391786825545
0.6858775666663282,-0.8297928503008067,-0.08206429002112403,-0.9051651665448024,-0.007357464430707283,0.30960247695438753,-0.5405725262654859
0.4085423539665318,0.862972757938488,1.0,0.7554809904356772,0.7805658826907405,-1.0,-2.9718699147746257
-0.28405975767788705,1.0,-0.36958865769336274,1.0,0.5260556835274453,1.0,4.41151889899522
0.004711968617164608,1.0,0.3649981952291639,0.34384681301164055,-0.32645935867877907,0.9157992790146794,1.3711740750444203
0.1466637056073029,-0.1867703136752062,-0.48484847288002153,0.6575707204097408,-0.300724864132621,-0.38198193169379135,0.5853200953916753
1.0,1.0,0.2333422109057532,0.29915453083218146,-0.4425263116790217,-0.1292837220957157,1.5437940734475397
0.5308261971527606,0.05069641968370453,1.0,1.0,0.6202628229896514,0.3656444384528339,-2.7905003722930886
1.0,1.0,-1.0,0.5466772164596748,1.0,0.2813627746604599,-1.6970879124766396
-1.0,-1.0,0.881638082236073,0.23477359259777697,-1.0,-0.2611647616766083,0.5419403813392545
1.0,1.0,0.45599049870880903,0.013696651371851498,1.0,1.0,-0.00578251186802696
-0.36468910037499547,0.43438715200817296,-0.14021037164043082,-0.17714661126153586,-0.13181738214582311,-0.10187583551104873,0.2547379097778594
1.0,1.0,0.2008191351745261,-0.37715215635889254,-0.05616327770536089,-0.2663695776668584,-0.33911324774304574
0.461852674870594,1.0,-0.32121919730912607,1.0,-0.8203588396221513,-0.03604732583043524,4.0509744923376925
0.7474928548229216,1.0,1.0,1.0,0.13249484780884768,-0.6958596988555337,-0.6834358286057605
-0.400993538064952,-0.6935812387397137,-1.0,-0.6925925555080392,-0.3181043392974847,-1.0,3.6565851730858756
0.14613046425662107,0.3554002604163846,0.7777264950467586,0.11554965109351617,-1.0,0.5750387766703546,-1.0992039001696274
-0.23037119386196034,1.0,1.0,0.15297581836135044,-0.7026884839481875,0.6633054097372367,-3.367025828606116
0.18651429922883755,0.8375040496266561,0.7873941328164268,0.9036366367718308,-0.3060667365834902,0.7819374878062803,-1.1837491275767582
-1.0,-0.34061596243099235,-0.9606110533611375,0.39320325808923756,0.35808717396555134,0.7548329139882402,3.2949424376535656
0.40946005372474703,0.3523840943974067,0.8861041383814111,0.722248201968822,-1.0,-1.0,3.024856473563922
-0.2009330990053737,-0.6733482113781621,1.0,-0.31476465350103583,1.0,0.89096781543907,-1.922917640193045
0.9214125505606797,0.05781152921570376,-1.0,1.0,1.0,-0.25190852954676973,-4.841699144160954
-1.0,-0.49265850438702286,-0.06521073233738806,-1.0,-0.5506314761534458,-0.9551314684226263,3.608970878739459
-0.8032961131427108,0.5179610569596935,-0.3779427957864496,0.030275813835027254,-1.0,-1.0,-1.3505015532634623
1.0,1.0,1.0,0.13165910089605076,0.6387476373553937,1.0,-5.978445050692895
0.14119391878090926,-0.82550141153209,0.6545639114278499,0.3032161653193648,0.09934270087063074,0.8220555518845284,1.0861625604358447
-0.6363028388563066,0.6435743172048154,-0.08569676214814442,-0.5474178464349516,1.0,-0.912159500650843,3.130991985404873
-0.30807157143569774,0.27524453639968705,0.9883758013160715,-0.6475585787903075,-0.054608423339642,-0.9333654248244699,1.2239997953232857
1.0,0.47187545020612387,-0.9256877649762228,-0.16938429331544214,-0.6316310987503428,-0.664845617049385,3.213640510337725
0.4387426305804263,-0.45708793756942717,1.0,0.6743422439266851,-1.0,-0.7007634549736579,2.9482500633464084
0.8466270619652313,-0.3225521422072281,-0.1589201702896732,-0.17677089823103934,0.20822604514487697,0.4104238482674135,-0.15707737884890038
-0.820619055295243,-0.08484075936574667,-0.40088138541703855,0.462794395294001,1.0,0.6485749557180244,3.243042183111137
-0.041170877499872305,-0.13350209528830112,0.03796188726964006,1.0,-0.3705195898844449,-1.0,2.1152497578038805
0.8697757689514005,0.12378749755433982,0.06315384142156702,0.5392956695544106,-0.6555216439447739,0.7982312511899397,3.250310524484622
0.09655669609394546,0.6718772364340011,0.4098590132920953,1.0,0.5075608732687261,-0.3064678048002841,-0.26990872653946874
0.11583261901283393,-0.7807657472355907,-1.0,-0.7804967023562399,-0.7356206596165814,-0.6173004156997377,0.7062436288847973
0.03719282090296036,-0.41533217231803565,1.0,-0.8474817540133843,0.08832121176065266,1.0,-2.299680335519513
-0.23924515592987783,1.0,-0.004085923021991289,0.10511328035412482,0.19931228885966923,0.9682157810013737,3.489724662440582
1.0,0.909547457649384,1.0,0.6929947056484463,1.0,0.8971203863673489,-7.319588263350531
-0.8225049692026282,0.22161256807176266,0.8680129917610757,0.19659447217179676,1.0,1.0,0.7499974932176167
-0.853297004814179,-0.7531198399073538,-1.0,-1.0,-0.2547601891171901,0.24276459550109908,-4.123024730768498
-0.1547242357857696,-0.4871332062223356,-0.1406760368852623,-0.6056546781897006,-0.43344996763223337,-1.0,4.259988062831982
-0.6490195226591995,-1.0,-1.0,-0.7244381618277451,0.19542922291685966,0.3592033264655865,-4.623239776864568
-0.8240535386451788,1.0,0.168868062271261,0.4044301831288059,0.520576880899378,0.6978650490002025,0.7749925992195345
1.0,0.5221925081359344,1.0,0.4250738573468624,-1.0,-0.1586487936115153,4.258416980535648
0.25981388509052356,1.0,0.8807583311807436,1.0,1.0,0.16608023764781982,-6.340045660506332
-1.0,-0.42892265082914616,-1.0,0.30187770617744164,-0.3058203976129024,0.11012137892520135,-1.8750850336757343
1.0,-0.12704688073094206,0.41681003901872443,0.4905343596502273,0.39511761178220794,0.7765664847948861,-1.2577742726821506
-1.0,-1.0,-0.08610878832461899,-0.4207997126054881,-0.32993357924580463,0.34804958173672557,-2.1153863591196003
-0.17905212012837257,-0.751915650710755,1.0,1.0,-1.0,-0.7362650647267888,0.21601550447092613
-0.81608871744242,-0.8841973520551407,-0.9546046339390069,-0.6268743484388163,1.0,0.0031732404610208542,-3.8427814893683765
1.0,-0.014264382198508563,-0.12266813735860918,0.5418196352000798,0.7910897354954358,0.6808250876384545,-1.120490862128824
-1.0,-0.10524985332142456,-0.6121042461698407,-0.8399006347792237,0.31693238328101997,0.5194876285428262,0.27225222685978556
0.6800644240461902,0.7997037271433768,-0.09737914443158426,0.38816210678189733,1.0,0.5448184526731851,-0.22804286953275446
-1.0,1.0,1.0,1.0,0.08743263830968856,0.559272131986929,-7.63079937120362
0.2354140762569302,0.3987122478521105,-0.7100274707408349,0.20575603982509127,-0.8220748770844255,-0.652317101681033,1.4940768649115777
0.09133428719377279,0.292792227741993,0.26000170943056244,1.0,0.389005096374076,-0.652800444544021,0.8365934110809334
-1.0,0.3667356734408531,-0.32481022729417375,-1.0,-0.13558348206099038,-0.4428411523721365,-1.1694767775409871
1.0,0.15868145019935653,0.4502211498568469,1.0,-0.13182872557711134,0.5797634890618635,0.5997491870881457
-1.0,-1.0,-0.7936067472868917,-0.53402405278604,-1.0,-0.9535086449472349,0.46919935326701867
0.05538808880263335,1.0,0.8408629317071719,0.85499825652899,-1.0,-0.5198668769561889,0.15896566956093272
-0.919803997415697,-0.7235931503865298,-1.0,-0.7028861596974347,0.35320590267933566,-0.30195292882445585,-2.493300924337547
-0.7858446282580409,-0.27801721592287976,1.0,-1.0,0.4258596841113897,-0.26344222393928224,0.3498108367323235
0.48255046781063227,-0.11087293438062185,0.8978192784371244,0.773612579077541,1.0,0.18136045620634755,-1.8880654344364096
-0.2275059069408487,-1.0,-0.48568591267844985,-0.9810061378421617,0.646119284085387,0.37356979116682565,-1.3477029879912295
-0.5886143579378975,0.09293752660371485,0.02372384542505429,-1.0,-1.0,0.9880506024105509,4.034372472084133
-0.46280470819722375,-1.0,-1.0,0.36745446646599544,-0.9276898149294859,-1.0,-0.993038939183267
0.8167616739401382,0.040068802228439115,1.0,-0.6335258463788844,0.7149027968108681,-0.4747502868718511,-1.555876106388101
1.0,0.8048500509570816,0.31435189923895035,-0.4293052279244898,1.0,0.29640751309768676,-2.002757023636572
-0.45116578978217703,0.26917677809014007,-0.4153377979301972,0.525844498889193,-0.31747506399911535,0.7158453184280331,1.0794425168203332
0.5388232565363861,-0.5117315655709787,-0.27754054479091017,-0.8360073115021573,1.0,0.8789208702657898,0.06267301643384725
0.052439771446382066,0.11973899890474615,-0.04339106251238006,0.27556020809364196,-1.0,0.20937572980443542,0.5268691770932709
0.3290503721697151,0.6970519613707774,-1.0,1.0,-0.2579288283192561,-0.6336422169352982,1.476045655431987
0.2687725828419514,0.6173991665742176,1.0,0.34227386949460337,0.9037886709598209,0.43841375127147525,-3.014982869227624
-0.7925850915899424,-0.8691601778139488,-0.7670382644489429,-0.9290340357413152,0.7094461173587129,0.1465936374459268,-2.475921429326082
0.21235351432956126,0.37173151728857873,0.04602642520982689,-0.5057209779402193,1.0,-0.37414507439971245,0.3699598480285794
-0.05948636370830246,1.0,0.6291323722991377,-0.9330497673988061,0.7423133466089348,-0.34083502038356367,-2.05032852767601
0.8521350562950845,0.07775430845893,-0.9246739441707148,-0.10527119742696875,-1.0,0.5623549308200014,4.301382924310278
-0.7138625187805983,-0.39656774714036996,-0.2385920348254233,1.0,-0.7355910928157675,-0.6346485793305277,-0.09406500076769253
-1.0,-1.0,-1.0,-0.802478067877487,-0.9480952272973425,-0.169737970753898,-2.8855239732045606
1.0,0.8654001909996791,0.8821751029482809,-0.3123223714367669,1.0,1.0,-2.8458875189106054
1.0,0.4973449831110053,-0.2597882903781997,1.0,0.4080082408584348,1.0,0.6381018058729695
-0.19040122499203993,-0.7854509791899222,-0.9746922655086451,-1.0,-0.671096467045829,0.14238177006017688,-1.248197391136808
0.2181866401071708,-0.6207675005391362,0.1068802688412065,-1.0,-0.1420821137885051,-0.28717842873827526,1.2574210272706174
0.6057931088443104,0.8157097320580351,1.0,0.14275103793396182,-0.9020554364881819,-1.0,0.9802418661948126
-0.18671614151671623,-0.12076459193619571,-0.3332530944983886,-1.0,-1.0,0.6626909286838438,3.0328714037875155
-0.47256144890731533,0.2173649603480578,-0.6633849136914345,-0.40961899252883943,0.7709251464559042,0.9622831048487454,5.950077269547859
1.0,0.14444311540687044,0.12204747095700441,1.0,1.0,0.8787309741177054,0.027911475382065176
-0.35227793696396503,-0.5813837783559788,-0.6529569355842093,0.6311619958270482,1.0,0.6096675097939328,2.541951756792159
-1.0,-0.4863764991891497,-1.0,-0.8188868463840211,-0.6544082000428113,-1.0,3.7203984896464615
-1.0,-1.0,-0.21314787758607545,-1.0,0.3620258920513799,1.0,-2.3379033187773923
1.0,1.0,0.060778927702122454,0.9314324483817168,0.19575616524643724,1.0,2.0612294545160648
-0.561675393519682,0.1668529313221474,-0.10785865999990785,-0.6256608661818253,0.03638522127852595,0.6218694767713022,0.4111681253920799
-0.7231943615800684,-0.6419694218289922,-1.0,-0.43033883057891087,1.0,0.12828853915584482,-1.6194608757591737
1.0,0.8549720352001483,-0.6372289580121174,1.0,-1.0,-0.21682965650873326,5.388451655790408
0.9407958067064892,0.30422194291265114,-0.4571044963636097,0.15907615488721238,-1.0,-1.0,5.402851798937193
-0.0707345531741932,-0.8994040276808559,-1.0,-1.0,-0.6803930021785987,1.0,5.0848911737963975
-1.0,-0.3445242397689303,-1.0,-1.0,0.7992846406765355,0.28528440781442055,-1.1886591012117145
-0.5267879526156893,0.8655666517321007,1.0,0.01075971588218369,-0.06678741152803724,-1.0,-0.21592033845285463
1.0,1.0,0.1632435859566128,1.0,-0.07751185011423636,1.0,3.006426707757564
-0.5496316343502039,-0.20483801358640386,-0.6382245059581055,0.8570660486235847,-0.3426481187377321,1.0,3.1653647786133225
0.6799816660139777,1.0,0.34811078377433646,-0.7875845583148563,-0.16444304587752454,0.7490050472302905,2.1026087270464977
1.0,0.662231821121201,0.8372685700612481,0.4681509816798793,0.6255806279267975,1.0,-3.8684529711752806
0.40969798467084934,-0.9513369882859652,-0.11503588788674396,1.0,1.0,-0.8819186945959061,-1.9270596819375618
-0.5374928488362565,-0.985994367118165,-0.2285947983122234,0.39443392664190946,0.20740730465491541,0.26430301830813474,-0.13999433430482627
0.6847023206457792,0.11537946684548478,0.10952817698983885,0.5035793985717854,-0.8169709605067407,0.24549367207630152,0.6369719123813897
1.0,1.0,1.0,0.21753878859774,0.6145762827513319,-0.6621929453581494,-2.3572076418459385
1.0,0.9857134208000875,0.29679294359067887,0.1691178071619565,0.48424074796202576,-1.0,1.2593352948952847
0.7626889851152387,-0.13531718612530863,-0.09709289429970691,-0.11374178046438033,-0.49839212917276704,1.0,3.8860503667380506
1.0,0.07016201185332172,1.0,0.6700748711226988,0.11133034291751887,1.0,-2.911416213179579
-0.650927988827925,-0.1535974923245012,0.6342802709765955,1.0,-0.6938788831417562,-0.1845648384310407,-1.4022531645773313
-0.551084213665797,1.0,0.7137115307440866,0.3393442433316423,0.2371137077756298,1.0,-0.9685961655519266
1.0,-0.7254338833962884,0.21154928074492663,1.0,-0.09932268268789748,1.0,3.9691608173704145
1.0,1.0,0.7021416788421142,1.0,-0.8831886854402963,-0.6677073942394259,6.559740750147235
-1.0,-0.3607527854911202,-1.0,-1.0,0.9226453772883569,1.0,5.631376847288421
-0.28297771955152484,-1.0,-0.030721162285177295,-0.9559593893095468,1.0,1.0,0.6614997980700108
1.0,0.8245373250523218,-0.17929276330422175,-0.07496557309958757,0.1941935472621772,1.0,3.4155038568915415
0.6251109745775658,-0.5622466530109889,0.44841076034596866,-0.9391130034302715,0.14821111250746088,1.0,-0.004024362348558408
1.0,1.0,0.8387850162916888,1.0,0.31135145717268725,0.49143567905607305,-5.768863941580133
1.0,1.0,0.2419189480718278,0.34303731136750293,0.3316352555091734,-0.7043790357035398,0.4022102202726975
0.3945918783356597,1.0,0.9881104327940928,1.0,0.22816764380833104,0.5384670202088158,-5.420370878866773
0.4447070575181668,-0.2568374410469705,-0.883737905878199,1.0,0.26312622506263866,-0.2979737756411735,-1.2186563484202972
-0.20317500413985323,-1.0,-1.0,-1.0,-0.18944605262658498,-0.22281555092234084,-3.965623893610363
-0.6296793051303899,0.11569696573414495,-1.0,-0.6712500586345107,-1.0,-1.0,0.14487181846694633
0.8222002726010984,0.7107698470662951,1.0,1.0,-1.0,-0.7112416244463845,6.708561796361341
-0.7990573512629091,-0.24780675278852582,0.19108015677618456,-0.8577529342078611,-1.0,-0.917371013942643,0.767721439267256
-1.0,-1.0,-0.9629207332598253,-0.6272542146347521,0.7996873365957653,0.31253479484338914,-5.488994146118105
-0.2540848204180154,-1.0,-0.04445828092213033,-1.0,-1.0,-0.2825163468376237,5.947926855760177
0.2920715252020186,0.20329967468724353,-0.4253524252090284,1.0,0.3358275905475313,-1.0,0.8584203629748363
-1.0,-0.6619357962966833,-0.49926366518963106,0.05314174654995438,0.25671175841782384,-0.16297957829025383,0.1927672272671568
0.07655150164818347,0.04702742822862471,0.5682314520575475,1.0,0.6003370826006793,-0.22525859035130785,0.22070556194587018
-0.3929236030867309,-0.9778138190348884,-0.23680594199498028,-1.0,-1.0,-0.33827416613802086,5.400950962056083
-1.0,0.2954805375644369,1.0,-1.0,-0.8667155286761774,1.0,-2.682072259376034
-0.4604255836444934,-1.0,1.0,0.3008336664726021,0.5486779076846561,0.10281114522123724,3.430664606835442
1.0,-0.9439878852462791,0.027805236414999435,-0.43492901292706065,-0.3959323807602778,-0.4397457115757175,3.1384730566288312
-1.0,-1.0,-0.5652441415164187,-1.0,0.2988386471403317,-0.6193224556944638,-0.8161363446200446
0.7018747054620147,0.018896964275306183,0.07487993400088633,-0.11521743571135518,0.47077257521647675,0.16061993420016202,-0.595659131962968
0.12184570557358779,0.553853619139209,0.6353976311778116,0.9244460470484106,0.3560528788538193,0.33031484522541077,-0.8228168993054803
-0.151245798881378,-0.712834825266462,-1.0,1.0,-0.20379419811170507,-0.7035676320413872,-1.659463601204731
1.0,1.0,1.0,0.022701670137956542,-0.5376011910652239,-0.36003932319825194,1.5814593104969439
0.6660323063558903,1.0,0.17806744956491122,0.9071008323484623,-0.5013319093119015,-1.0,6.696328696058429
-0.257150904250543,-1.0,-0.42567496058979803,-1.0,-0.39078386858113834,-0.9199190971750525,4.234662228963609
-0.8506658968356183,0.2679175461988749,-0.8211007943305516,-0.15576778565747895,-0.9808711045999023,-0.5525499630311368,-2.957921173267085
-1.0,-0.972367875588567,-0.9780421568558526,-0.5776462736864751,0.9328813492752358,0.9097643149551982,-0.35087965457246917
0.2597890050788241,-1.0,0.3031504233068453,-0.31454763959485155,-1.0,-0.8175405958877189,6.347692452635617
0.45886973118307295,-0.41204317406152685,-0.8266953560537391,-0.508215582305233,-0.29105910071753804,-0.40901203409897136,1.2970952720991173
0.6850454731955873,0.5781933291745752,-0.46639120222283137,0.09446496309436403,1.0,-0.0005529717106693699,-2.0004465959632056
-0.010150112724643723,-0.1569927822034629,-0.18609238260956684,-0.33152435020378623,-1.0,-1.0,2.0137647589524663
0.8692646677012706,-0.2722119112223089,0.31174570032428145,-0.9932518504287202,-1.0,-0.11308697452899685,5.634686700932592
0.7260356427099376,1.0,0.4506992087793462,0.7372001441593143,-1.0,-0.5507608627539031,4.666438929608514
0.7526950637830674,-0.4209404683060462,0.12254563727573531,0.8554280550138635,0.22147213404283256,-0.21982789084508425,0.10420712371025023
0.30337171039206295,0.4157932905899964,-0.9489493134662323,-0.42392271880369625,1.0,0.46599460061557196,0.8478247219523589
0.09878715831987095,0.1439768683114187,-1.0,-0.05785585222167755,-0.485326398144928,0.15598785115231462,-0.3142085649435058
-0.07228161493640806,-1.0,-0.45022900404685995,-0.20700275855613204,1.0,0.019798440930678174,-2.0618573321745237
0.08448378344648777,1.0,1.0,1.0,-0.5233442543090906,0.7292815371936393,-3.8480758848897945
-0.41680326451852545,0.2555665517314312,0.27754756727729274,-0.71369772733323,-0.3488809045579502,0.9410994470671696,1.9795458681878075
0.7989819924515017,0.4811004747777236,-0.07290987895371079,-1.0,-1.0,-1.0,7.486577634665598
-1.0,-0.2694369973629084,-1.0,-1.0,-0.017529764141378468,1.0,5.100425285080742
0.505557545583974,0.13370252348376366,0.6917542555189262,0.18182598036833464,-0.6576448969562825,-1.0,3.9162621733882026
0.496772149692146,0.22357324206592355,-0.8711915106254543,0.4194447055459197,0.8187463229068866,-0.31241674501032335,-2.941845420508764
0.9637128211866187,0.14801313824637252,-0.9514940247720317,-0.7059962936009582,-0.4645489614748126,-0.4678163567251623,1.6450319052477798
-0.16729471395445905,-0.4403881265078735,-1.0,-1.0,-0.14385254984703433,-1.0,3.0172390926656405
1.0,1.0,0.8620215595709362,1.0,0.007964571010734556,0.875402082368377,-2.413349378319381
1.0,1.0,1.0,-0.0072215910090488444,-0.05041168631035642,-1.0,-0.062334125548026975
1.0,0.6781168287451236,1.0,1.0,-1.0,-0.8345246458709347,7.53845168885754
-0.06330526215690457,-1.0,-0.36113794014328393,-0.11017721951908244,-0.9267430402178554,-1.0,2.9849371620691785
1.0,1.0,0.16803002510969633,0.42667746875057644,-0.3131455685944733,-1.0,4.68964631520778
-1.0,-1.0,-1.0,-1.0,-1.0,-0.2542961245368649,-1.480217738348332
-0.7991384731771489,-1.0,-0.22834058338651056,0.07110668625058728,1.0,0.8464671240317772,3.1019566092389628
1.0,0.6273933269799432,0.788830597486079,1.0,0.3842499595742327,-1.0,1.8408922672807941
-1.0,0.40368706265404397,-1.0,-0.3213216516582249,0.3721492061782513,1.0,9.32163508710616
0.3232994391350841,-0.22411413458180593,0.9825046549934304,-0.1388718674409149,0.6622140475084066,-1.0,1.3887004110937982
0.4426532281096793,-1.0,-0.4092688388702427,-0.26311088648926917,0.5225910404609949,1.0,0.03633836388358891
-0.305203073534712,1.0,0.5228908563759895,0.14275092336437334,-0.14391022289269417,0.9835085600841557,0.13805130552901346
0.45457756699694807,-0.1265884009949262,0.16718725140407054,1.0,-1.0,-1.0,6.488673374975596
0.8152414651181221,0.9827318840827813,-0.04559859428284263,1.0,0.42571329136083236,-0.14090827127719685,-0.8819076905284386
-0.6182050443135987,-0.08519489099701617,0.4319377434899093,-1.0,1.0,0.35018292631181813,3.1553814921639916
0.047689166679741435,-0.5379838138926374,0.7871430529226247,1.0,0.03076170009129845,-0.05886299394483768,-0.4183630671925729
0.7996497884679263,0.9738911083368808,0.41546468643734613,0.7560925674261982,-0.610840777428487,-0.18552282527733444,1.7303485257867492
1.0,0.28572381492552623,-0.5637986627028388,1.0,-0.35924393928347165,0.7300000887728249,2.336160449852353
-0.9186582791397541,0.6654988878908004,-0.25897966802615385,0.05929501752960098,-0.5195735619745487,-0.4638383869037046,-0.11565829673111439
-1.0,-0.5285239769277469,-1.0,-1.0,0.6426600020663883,-0.6858863059415043,0.5438705050298415
1.0,1.0,1.0,0.5003816446988012,0.39223832997022123,1.0,-6.147839163949605
0.30174993542843176,-0.7443021362986083,-1.0,-1.0,-0.7735728904631783,-0.6336799460483556,2.5610464648191424
-0.05476866040904638,-0.3440307821506321,0.20489801949042952,0.14433411502682086,-1.0,0.3588944334588815,0.10186647945271704
-0.6734727736605453,-1.0,-1.0,-0.4831890164627013,-0.6508741579755185,0.5773228744937922,-3.3668268585742718
0.11067505352298757,-1.0,-1.0,0.7359205925763868,0.5110365453131684,-1.0,-1.0867396414485808
-0.13433648067965542,-0.841295545272517,0.11003731173884221,-0.5000037202575469,0.20472942914947379,-0.09929831594561978,0.10444752361485193
0.1826230146258614,0.3126584638265477,0.20426543287087418,1.0,0.5795821381768519,1.0,2.896193782482679
0.9182936304734842,-0.13319595418292834,-0.6033935355228552,0.08791587510234015,-0.7090551960951645,0.44882788764033554,2.2665578075634913
-0.2823112006866012,1.0,0.9880739376012296,0.41827937542397287,0.9881003903862311,0.8829116358362443,-1.6621623316263223
0.049520308701846094,0.20439192109690407,0.5423872666955256,1.0,-0.7855944881532443,-1.0,3.203133344659242
1.0,1.0,0.7814944314607141,1.0,-0.8775875699034117,-0.7642147239028617,6.551279180070894
1.0,0.6430340957153025,1.0,0.3096458075274797,-1.0,-0.3852404323745461,4.543022456348131
0.804742533486136,1.0,1.0,0.25594338785478454,1.0,1.0,-5.957458371962403
-0.3641840841820117,0.17596409110896105,1.0,-0.30005857442211553,1.0,1.0,-0.038893165488251585
0.894592158815277,1.0,0.17338449315758164,1.0,0.9778770853089254,0.5894977919061726,-2.6678034870105094
-1.0,-0.3484396624865145,-0.676286833289683,-0.1926995553213744,-0.8263594236018191,0.5351960391697879,-1.548821794764138
0.5298987368032926,-0.2840615404670721,-0.9690870565871534,-0.5231104517087023,-0.3737816677927792,-0.9308413875781649,2.849883778806374
0.24020277376275823,0.9877999240808413,-0.5141741359207859,-0.27980318170020535,-0.21002444689810784,-1.0,2.508358794130917
1.0,1.0,1.0,0.7174066699135502,1.0,1.0,-8.313260682082703
1.0,-0.4687513941328024,0.553822850295254,1.0,0.7893806846462657,1.0,-0.2911571562463093
0.8888174377955065,0.02918978030919278,0.6706398245892019,0.3886399220436155,1.0,0.07972504561466764,-3.218771926269737
-1.0,-0.7562868058033969,0.23035063326075556,-1.0,0.459833174183768,0.2663039785047137,0.053971895548340726
0.7694729819090466,1.0,1.0,1.0,-0.8726420750582471,-1.0,6.783051428337515
0.23529063731916233,0.685348475801886,0.27915252183193856,1.0,-0.7213260042077121,-0.6099699725435013,3.3811321222476196
-1.0,-0.4948250746276117,-1.0,-0.7406097409679775,-0.9838036098408982,-0.4569918066633931,-1.687727660144966
1.0,0.36460449990705657,0.11468775523808716,0.8499504308749621,0.4128827055418153,0.22320302925154512,-1.1990965243687504
0.7196153126523874,0.30332639042977616,1.0,0.9049844255164783,0.375380321839907,0.5407631023783729,-3.3892050414468025
0.8430931526738292,-1.0,0.3206928748910549,1.0,0.3005408230148808,-0.26451096230142823,1.3041113619828535
0.13357029054127018,0.3335731553099224,0.22898562633949543,-0.0077806302522614446,-0.060568824085995614,0.8405540919020469,2.0675831620988827
-1.0,-0.10276666888652386,-0.846088359516536,-0.2866827448892204,-0.4427367198728057,1.0,4.944124835585202
-1.0,-1.0,-1.0,-1.0,-0.6633508327980144,-0.25950355247273804,-3.990231634729842
-0.22125886247962212,0.7119654775918595,-0.5732401345946856,1.0,-0.4179334086829296,-0.9007881122097439,2.7317732916264905
-1.0,-0.6804685858950164,-0.91124816873779,-1.0,0.7502329294505073,0.3224979490820188,-3.333078771072036
0.35727292559585533,0.2879013480827275,0.6370437336458086,0.6887801484606082,-1.0,-1.0,4.156671709014017
-1.0,-0.9103555930345969,-0.7094301693167817,-0.42876689405057544,0.043907504638105666,-1.0,4.225141724210649
0.3228940069055557,0.01537606660946128,-1.0,-1.0,0.21413919312088003,1.0,5.274881272087101
1.0,-0.6055358840061786,-0.5947082334205276,1.0,-0.5323671733454804,-0.42087571663897627,1.5883593106147544
-1.0,1.0,1.0,-1.0,0.3145338960080164,-0.1029209551622432,-6.009081901240915
-0.3848593306410778,-0.7695940058469181,-1.0,-0.8457486261926919,-1.0,-1.0,3.9993660944728187
-1.0,0.16761387993797056,0.3880765468355317,-1.0,1.0,-1.0,8.932512164432037
0.37160946689718766,0.03904845889912678,-0.05263159065088541,0.734629446678915,1.0,0.036824931158463164,-0.46627495371501204
0.9060237503922954,0.10800085782799995,1.0,-0.19852242459818947,0.5547814917180294,-0.5815992855287218,-0.403381621222373
1.0,1.0,0.21782924505800438,0.01578481348431815,0.6987648750053421,0.5533072432988496,-1.2068075785684345
-0.5567746377792782,0.03161074807933617,0.8849125191644857,-0.08541162066905117,-0.8222510557064275,1.0,-2.169532282350037
-0.1544570545928321,-0.13917632046937567,-0.968493545050797,-0.3649271175839488,-1.0,-0.17748381670821045,-1.3984512426163038
1.0,0.5195969727262062,0.7501486104164679,0.1315537111250497,-0.9456312924712129,0.19437685561475293,3.188694442227544
0.7801585086825408,0.6355809419666252,0.3725462904042045,-1.0,-0.7803953318326255,-0.45123908482958286,4.137062494928658
0.4598464788014247,-0.32564870523112516,0.816907184703199,1.0,-0.49590414075881006,-0.6914658188779983,1.9437428412932438
-0.23347949105512644,-0.0011355477543778525,-1.0,0.4851732271974197,-1.0,-1.0,0.9174050150782432
-0.16726456991092953,-1.0,1.0,-0.7253881894017069,-0.4774916496334689,-0.024242063820440182,2.744018725148834
-0.5478729464599992,-1.0,0.08617141321781768,0.06343075577768098,0.9116996527043986,1.0,4.355527602879272
0.10042504638208893,-0.025333913230714433,-0.9204643255428739,0.7898863833716419,-0.4703185144463726,-0.5561601619478898,-1.1136637640105613
0.13726082190130678,-0.2320094047245701,-1.0,-0.38515137266886823,-0.0569415985355507,0.6355241198498652,2.8333159818677323
-1.0,-0.2678841741073543,-0.09714766051043311,-1.0,-0.17054478448531774,-1.0,2.786858332844529
-1.0,-0.1769891045991339,1.0,-0.19441444076915637,-0.3041648733464584,-0.8731852944498625,1.4140877241910106
1.0,0.7882365481790643,1.0,1.0,0.8652630981930935,0.7943512470906245,-7.931205693361457
0.7655004776421991,-0.3153942431700125,-0.48494668360862314,-1.0,1.0,1.0,0.09548939457990385
-1.0,-1.0,-0.6284569323281824,-1.0,-0.3132114687512517,-1.0,3.3101356246762776
0.13202093791115138,-0.08369143428446879,-0.27892221079187385,-0.9524185790187637,-0.04240984843200707,-0.21920832799252132,-0.24713414424537564
-0.23756802318365344,-1.0,-1.0,-1.0,-0.378192496960742,-0.4002532438067037,-1.9748866577891189
0.09032658846483405,0.2218347969527097,-0.39477974942466854,-1.0,-1.0,-0.6175078083498449,1.4126206925238856
-0.5683834994575189,-0.08384350966257265,-0.384875293251572,-1.0,0.7341780749606948,0.3536646815074295,3.365902036393349
1.0,0.8540240715648905,-0.9584216271281204,0.15535182653103574,0.2835614906196886,1.0,4.522223588057377
1.0,0.8512141141671357,0.09707671324790113,-1.0,-0.18845262730117318,0.41841991458747846,1.8940450665360369
0.40680124465723466,1.0,0.25444495770648845,0.9323865535041254,1.0,-0.15439533466133096,-1.5575334176849138
-1.0,-0.36369322124883885,-0.11512717858959665,-0.38058880651407945,-1.0,0.049061057026587904,-2.311671923935965
-0.48858106322953676,-0.12051001149415892,0.3286625441109753,0.6624423820703378,0.6105142262212215,-0.31378495588546884,1.1681670536513402
-0.6299993385609755,0.6838938980249365,-1.0,-0.8537115986950621,-0.9699209106977155,-1.0,0.5882406681353598
-0.5759613521989377,-0.1774471874776817,1.0,-0.08304555195034369,-0.6359741281095375,0.45917752424171077,-2.3856713068367537
0.4736155203902072,1.0,0.363574740113671,1.0,-0.03985068281251791,-0.02187871184593604,-0.6467694803473947
0.7024257567741161,0.037330617667490684,-0.6024140539808167,0.47299292915041535,-0.41429043100429697,-0.47383938903188827,0.7306263298044804
-0.212127080954583,-0.7297103729931259,-1.0,-0.7520014819316241,-0.047717631521360264,-0.6525265886413053,-0.11771767593706162
0.8274219066622664,0.9410193734428719,0.041120951348617096,1.0,0.644101996773097,0.6990066648116349,-1.5250441576068345
-0.3400686342003856,-0.504501442933701,-0.004639628025263631,0.5759590781474158,0.975991033168391,0.795367356777904,3.041793608696718
-1.0,-0.7402759943713122,-0.917623631896624,-0.024021131556800634,0.16268379632365448,0.1647005094673501,-2.2489432831423626
-1.0,0.7381471193349327,-0.2757097271046369,-0.35033686888233745,0.17511576910488258,-0.647603991848279,1.2622908743062298
0.13803042678598423,0.6511592877291176,1.0,-0.31582523442520505,0.9913641775262079,1.0,0.30716210234860103
-0.9705052437254882,-1.0,0.07999952695614204,-0.8400672685955408,1.0,-1.0,9.64773291994801
0.44584473083954734,-0.036711127276727235,-0.5949788684479247,-0.18938458720944895,-1.0,-1.0,2.759871435196047
1.0,1.0,0.8695279491528015,1.0,0.9856723945130316,-0.20659302780398442,-6.6746285701168
0.15792548913714133,-0.3159545571381114,-0.06677434218431172,0.21645743667475426,0.1551147907898302,-0.200557560471758,0.1650464243158153
-0.07270794798058083,-0.4151325663826347,-0.9126594537357967,-0.2125592657965863,-0.34758948025651853,0.5655573928049871,1.2045628222312819
0.5606733744480442,-0.061915823053338204,-0.1387042947448519,0.35780698667653943,-1.0,-1.0,5.442685564308547
0.1589425650138283,-1.0,-0.7348818762427252,-0.9291334431338641,-1.0,-0.476415591287608,4.381244541023221
-0.6614935964260954,-1.0,-0.4321809254512732,-0.0883079022479043,1.0,1.0,3.823469078303416
0.7124061378074564,0.36407914673673925,0.8655955368715529,1.0,-1.0,-0.1641436739370239,2.0166122227965975
1.0,1.0,0.4618928038607901,1.0,-0.35720920989674926,-0.6199640195432832,5.382026773900707
0.156023051968737,-0.6798114252854619,1.0,-0.7190321942004287,-0.21849158633838006,-0.451233495965788,2.078474893980773
0.38955590133518136,1.0,-0.1036629088125131,1.0,-1.0,-0.3250599806418697,3.808326855860882
1.0,0.5138406670751392,1.0,-0.31601474019403486,-0.5156028658476316,-0.05991780349444653,1.7115946358111027
0.3789496450119797,-0.04726145589036057,-1.0,-0.6739951656657847,-0.7065127068459078,-0.9011602197052992,1.0004527459765304
-0.3714620262083714,-1.0,1.0,0.349057403987781,-0.4461221007522098,-0.001973467610347668,1.4735054282521518
0.38376838460066076,1.0,0.8442926998666478,0.33863861302008613,0.48537231345996373,-1.0,-0.3071489526843973
0.9391674639564078,0.11597503886969562,1.0,1.0,1.0,0.19122847344324767,-5.759080574369308
-1.0,-1.0,0.6821982144613844,-1.0,-0.14012396004115935,0.9385344567179702,-4.617376019875675
-1.0,-0.17216583674987307,-0.6393817380217355,-0.42200454567552415,-0.2986593797910799,0.5271683924809717,-0.5438169375278663
0.055777216456208034,0.4325301201983929,1.0,1.0,1.0,1.0,-1.4123146921355192
-0.9671691886377243,-0.6713915930153781,-0.13278055252322707,-0.8847825190598014,0.05698220333796977,0.4799770546704752,-1.3849528131532365
-0.34004627225900685,-0.6326494592640072,-1.0,-0.1139744375526619,0.403957738860859,0.6251681694967167,1.554505571037036
-0.4881212643233366,-0.8127218048817508,0.2949191868076112,-0.3126085849586624,1.0,0.0004915644775285444,1.9805357031828044
-0.11960308735373215,-1.0,-1.0,-1.0,-0.07541735996021504,0.9514239913831382,-0.3310498168018209
-0.8081591401624034,-0.2829166510022856,0.858066974095798,-1.0,-1.0,0.011284364656170665,-1.5452579079641695
0.15390202059630007,0.7239691439972672,0.8843314130955153,0.5674746655688486,-0.28827660044484293,-1.0,2.3119816519112044
0.2282562162851849,1.0,-0.39357717268228615,0.3751541210746561,0.4578394816088122,-0.2195578119918301,1.0923276041959258
0.47585579660727517,-0.01677793372666536,1.0,0.9645622271138283,1.0,-0.06197628515927149,-3.500568170769511
-0.4941659454797368,-0.8591028579711313,1.0,-0.6988035649961726,-0.6957328419974189,-0.9897680120169495,4.628909979653935
-0.3570210313578156,1.0,0.14725953377727896,-1.0,0.8853243121453327,0.10275851627377663,1.3086944787656807
0.3788327038566547,0.29890072756748765,-0.5501905432319933,0.7276984845276846,-0.20517776502325424,-0.19594735040577493,-0.3485905166596833
-1.0,-0.7186239722766887,-0.4110226428032784,-0.9804296205680041,-1.0,-0.7481937126589335,2.440013003194186
1.0,1.0,1.0,0.43433011001515776,-0.6765826746678133,-0.8868754895695544,4.631717417676005
-0.1288294179488927,-0.8899161383715299,-0.1474896337852869,-0.9859476669048579,0.7025415951788725,-1.0,7.201146440229522
-0.26130206511842835,-1.0,-1.0,-1.0,-1.0,-1.0,5.05403625994499
0.20396345710526553,0.7962679867719253,-0.1841728390818022,1.0,1.0,1.0,3.563030361093582
0.531849241868076,0.6341394749547828,0.20346801440872908,0.2145260733297456,0.5535945690945556,-0.8891430172052964,0.6589099459611018
0.0871065369640156,0.9316458202292726,-0.8941338366170881,-1.0,0.918829695884841,1.0,11.83370737677367
-0.49040068981847296,-1.0,-1.0,-0.5539993532536902,-1.0,-0.10985820374940902,-2.2824027306915826
-0.9404495531241126,-0.9970715792989865,-0.3755221564937812,-1.0,-1.0,-0.16164071918939335,2.5745712721919
-0.6694913200537338,-0.7767718645165911,0.7905675315208542,0.8709919390349496,-1.0,-0.14519547777653896,-0.8383349749952819
-0.5077147292893012,-1.0,-0.8682259682046878,0.2465838993006147,-0.23327072482334904,-0.4319171985424546,-2.45582186281003
-1.0,-0.5240687789267682,-1.0,-0.3136370396003554,-1.0,-1.0,0.6284587810839695
-1.0,0.2774489953637835,-1.0,-1.0,-0.1147051105376975,-1.0,4.774098298555975
0.6583728410221397,-0.27364419211863056,-0.9541177943085661,-0.8797508838299234,-0.15435512696180176,-1.0,3.207260512023964
-1.0,-1.0,-0.10580991806626172,-0.9119416326161016,-1.0,-0.6290740934324,4.283962163463857
-0.007402087217513675,-0.34371753521761866,0.43712144007517073,0.03787389911789263,-0.7128475607137545,0.4140306529143525,-0.18679694065557959
-1.0,-1.0,-1.0,-1.0,-1.0,-1.0,5.116364116055611
-1.0,-1.0,-0.13418298881538737,-0.8437083395925877,0.048335784426969175,-0.7917677340845081,4.023810077685161
0.30707695746846964,1.0,0.2284114238674393,0.016581471453682606,-0.6861184837763142,-0.9668139674296091,1.5562612917956096
0.28079175145137913,-1.0,-0.5828053884386394,0.27489517902795507,-1.0,-0.023106371064500753,-0.696212766453549
-0.9658356458946991,-0.6336757776813086,-0.35298307707163024,-0.3137243673055899,0.5803359861023254,0.38496269782954284,0.7250761530869109
0.078855088591689,-1.0,-0.2476957246723921,0.02134845967002441,-1.0,-1.0,2.8345788412591224
1.0,0.03038975025718127,1.0,-0.7080690875320066,-0.1491444441219597,-1.0,4.0504150384670545
-1.0,-0.49632366677449374,-0.8839283284821335,0.14367978870689813,1.0,0.41015702111733854,-0.43065794816274106
-0.9319368826994873,-1.0,-0.13849796161518224,-0.8097047873222099,0.16125273574992482,0.8098752210907254,-2.668772303093725
0.03926591816875813,0.3437303816449938,1.0,-0.0395204312287637,-0.9871034195743904,-0.2633853922858274,-1.4246736892013292
-0.3184430209053921,1.0,0.7889230201928181,-0.7939736285378537,-1.0,-0.11815900792906797,-2.289633950613414
-0.8398191309669641,-1.0,-1.0,-1.0,-0.049176248903896075,0.8348915863834304,-3.403574456080475
-1.0,-0.3069818982280115,-0.6268890259052238,0.12861218632253196,-0.047239181529902474,-1.0,3.852086407126354
0.0226037490197023,0.18859118333800923,0.9091638169809866,-0.557540186427289,-0.5154934754934702,0.22640069464661816,-0.7260813772535298
0.07415730230218133,-0.2715219693920559,-0.9647193762015479,1.0,0.10218724253305733,-0.5337912746013134,-1.2746264125054565
-0.7538900931623514,-0.1702497207889992,0.5490630227644688,0.1922501767524017,-0.059765288740872696,-0.7249868074628055,1.9356331524611279
0.4610726933744905,0.8907838073151113,-0.5986180344309219,0.6186342040037998,-0.05557317132631567,-1.0,3.7126856245055766
0.4444284517708424,-0.5860718390967967,0.26026103031096876,-1.0,-0.9381282653673975,-0.9623380357722038,8.760723466067818
-0.2781438857131038,-0.16818285729814791,-0.8253303090089674,-0.9999299773399413,-0.7579734192295717,-0.5894657303398003,-0.09583075396431923
-1.0,-0.4876067697699875,-0.8269596409838003,-1.0,-0.5487555903965293,-1.0,4.73678256369633
0.8610272665757815,0.42339814917958246,-0.5203224353716356,-0.6615979087259638,1.0,-0.09352039435591386,-1.3390367994778607
0.3544099460080322,-0.15472489595224048,1.0,0.17679640005291952,-0.0534065568334513,0.0349542353678674,0.2834810498877424
0.4934184314105868,0.4087436412152484,0.11957251190903519,-0.9851713922495167,0.44295971492426234,1.0,4.002441656364788
-0.18860053235384344,-0.9713522972444255,-0.09543719315046151,-1.0,-0.5555126041249745,0.2021863706184627,0.8973955498243243
1.0,1.0,1.0,0.2540733677389836,0.1448225600721691,0.8284194327802051,-3.6701569627064132
1.0,1.0,0.5789430352797915,1.0,-0.366261008515256,0.4189197767927168,1.2535296489326184
0.19590512781253716,1.0,1.0,0.21069614566986186,-1.0,-0.9584963838553875,-1.4537426618284908
-1.0,-1.0,-1.0,-1.0,-0.2883519243655822,-1.0,2.3462458495619254
0.25566223306987035,0.2541974587613133,1.0,0.6359734835654594,1.0,-0.5063220072729072,-1.2531684117766402
-1.0,-1.0,-1.0,-0.4279558993087409,-0.7961903450567447,-0.31720581740606146,-4.112268421499062
1.0,0.38431244357885047,0.7212885208357757,0.7781508835924225,0.574510542160153,-0.5191933478214599,-0.9688658912341404
-0.2394068984960478,0.2690756848977306,0.5115870102688977,0.7496692133446938,-1.0,-1.0,1.9935719393161437
0.4369087679979632,-0.2171930250816121,-1.0,-0.11338884195390164,-1.0,-0.5428261380354336,0.9241562682962099
0.2189429258399601,0.6675477653702389,-0.415752225403343,1.0,0.11535924276829812,0.4741805426177177,0.867171901300747
1.0,0.9069334300694769,0.08389227237404318,1.0,0.6802668492771317,1.0,0.4223528290052025
-1.0,0.21561159142278297,-0.899723068712583,-1.0,1.0,-1.0,6.789835460514027
0.013602722281220059,-0.5635893316497742,1.0,-0.33060198046179007,-1.0,-0.544767840178461,1.6274463837597404
-0.7369831843821222,-0.0976628801356485,-0.8123365445382758,-0.7448378109292351,-0.4110796538171578,0.46348924099034017,0.030239299872237335
-1.0,0.4522752687657882,-0.9686802830235088,-1.0,-1.0,-0.9661103125984496,-0.45633049538474635
0.9808544334721646,1.0,-0.9653437882875949,0.007497128570862488,0.3551692995123102,-0.720357764523332,1.5606764824090815
0.3782739646179861,0.932886859958981,-0.10818115664779188,-0.12837176297381547,-0.06364977797717253,-0.5036929083057287,-0.6049540520736318
0.24350651993581657,-1.0,0.7644960452164264,-0.6846386755476577,-0.15759187639369676,-1.0,7.4580891960583315
-0.28285561201172493,-1.0,-0.5482031493552153,-1.0,-0.3748918026394139,-1.0,4.4433096697915095
0.25843830390494427,-0.6324474437168431,0.0032796709380500944,0.3827204815728329,-0.1380813799303327,-0.8232010032263379,3.0925514521113806
0.7183965246117872,-0.01163637697312106,0.020083284824173937,0.5623544594870296,-1.0,-0.6427702880789568,4.001637713022421
-0.6822193064257542,-1.0,-1.0,0.48962714701221605,1.0,1.0,5.083924349896337
-0.23350278124558943,-0.8472295559847715,-0.7060035899341726,-1.0,0.12960708406773502,-0.07923497734785367,-2.370360139257424
0.32580849700714226,0.79652580535611,1.0,0.37619456973131604,-0.1754484337383974,-0.40852424769492696,0.37516478221277716
-0.28889762342249825,-0.609712574877409,-0.3206114336859238,-1.0,-0.25698176264767075,0.6417050205239396,-0.5361225650189266
0.6393603725753838,-0.24335116689025338,0.6947952803896579,1.0,0.5196921354644878,-1.0,2.1534793320882635
1.0,1.0,1.0,0.4435229576111652,1.0,0.14895339783337858,-5.299774786059291
1.0,-0.2645760939548597,1.0,0.547337161402006,-1.0,-1.0,8.364029379532923
0.49060335238969066,0.3338481157616957,-0.18407860889088012,-0.7386078449499509,-0.022485203927799624,0.07132159119708392,-0.7995415953684212
0.8767863491628096,-0.7170639055975748,-0.9737056855981688,0.006453995837024801,0.303966651775702,0.3736147160069988,0.5410102079353976
-1.0,-0.33233828608811833,-0.4796937086534727,-1.0,-1.0,0.09196738657772319,-0.8302761711561542
0.7049120625490882,-0.6752272628297157,0.3085755954658692,0.757085221677954,0.21819836794256975,0.026752116181139513,-0.26728940109985033
-0.11329586041070605,-1.0,-0.8060068189603545,-0.02726384177174329,0.4861111210652316,0.6768882581918769,-0.07689341392907534
-0.9059983239261445,-0.29110414271637497,-0.898763852587962,-0.3069650194726803,0.0789056058765017,0.24245984932350784,0.13389318382165738
-0.10477752397593265,0.3200966391953605,-0.1207509397531974,0.08100846003070628,0.4140241146375956,0.7525540866964844,0.7115380020605295
-0.5985929640650995,-1.0,-0.04516558106179047,-1.0,0.9003012013603471,0.05492241479424975,0.7159788663800662
1.0,-0.146120033645676,0.06535101448650305,-0.0862607250997188,0.9965147892909907,0.15993345566893646,-3.538718003683462
-1.0,-0.3030677826522292,-0.8776783504756249,-1.0,0.7302097368900365,0.5697606603049303,0.8159065205547839
-0.712666197250891,-1.0,-1.0,-1.0,-0.7122767418396818,-0.5218026365253456,-0.4819552625781701
0.5600337780176065,0.9117505629658769,1.0,0.4069052034329156,-1.0,-0.42478911966334776,1.1543430198054123
0.6925288394480125,-0.4192235592428808,-0.48345290645658234,-0.644244603290999,-1.0,0.1614476892846568,3.3308605814309757
-0.46123254880854453,1.0,1.0,0.9612264605831066,-0.6155916857378385,-0.058530708045651636,-3.3149413021662713
-0.7152812151761987,-0.1267480563161354,-0.7520594925618492,-1.0,-0.1817767634895903,-1.0,1.8382880454262087
0.3347827314700369,1.0,1.0,1.0,0.31723717708558585,-0.061499518453247304,-4.647265924693681
1.0,0.6952564131688483,0.13763904424122742,0.19462533634876755,-1.0,-1.0,6.575268782250765
1.0,0.6490534718681358,1.0,1.0,-1.0,0.11202519633663764,3.4302751413398713
0.6011702693765579,0.5750028512448051,1.0,1.0,1.0,1.0,-5.822388307870702
-0.0447220722872973,-0.3818666270251546,-0.2343447684654777,-1.0,0.3104944055942621,-0.10338489053514849,-0.4408590832005438
0.6674258908057582,0.8075931633898903,1.0,1.0,0.30518190840321485,-0.06159741519562023,-3.0821046538818453
-1.0,-0.5408500484961514,-1.0,-1.0,1.0,1.0,5.321983804241898
0.7476164640102487,0.01429849660033089,1.0,-0.007303403375991224,0.13892286703290163,1.0,-3.1339084518487392
1.0,1.0,0.35018693986549354,0.6095809586125319,0.78496833407181,-0.09542004709328442,-1.2623899321939327
-1.0,0.5230699603088655,-0.13246406243976971,-0.7269933057878035,-0.23451900188217523,-0.3513668157760041,-0.26635266670727714
0.009018663253568204,1.0,-0.37171683823623136,0.5429969319249215,0.6379841932624277,1.0,4.568639593301068
1.0,0.7059870147596483,0.004345190954998135,0.3488990750508534,-1.0,-0.8664731223246236,6.386691145006368
0.32944522001064547,-0.14507785394337197,-1.0,0.9013030431736719,-0.06203039013703903,-0.34384445879825026,-0.895001856852904
0.5781407699162503,0.8652286401209326,1.0,0.41246461930798833,-0.32106666347349766,1.0,-1.9547700484052404
0.23005230071374588,-0.20674717753281074,0.6108772287415994,0.5150728239492643,0.029492668201967165,0.3075415026314926,0.31292468220405856
0.5798013329435947,-0.7315610962455774,-0.33404371191900617,-0.6362587946154703,0.5449084995520529,-0.06133815658386621,-0.9451256400661711
0.7514256809836254,-0.8935908906091266,0.3537514433345561,0.8710020866135345,-1.0,-0.017821974820449782,5.598993103291472
0.0026979630668095833,0.3176028290004995,1.0,1.0,-0.7967301535001423,-0.19211297580074005,-0.9815283790207792
1.0,0.07451189917731127,0.05252929193153322,0.05698450831073032,1.0,1.0,0.014577728502572967
0.4516816898257811,-1.0,-0.25771038313442307,0.8163075667600473,-0.3568267514215526,0.6304396910211812,1.37672838190199
1.0,0.9431413896666999,0.33480214154305865,0.683345007005366,-0.2771974748954915,-0.4646433528380973,3.257888747582574
0.7522391936182286,0.6125153274559815,1.0,0.743187256191729,0.9468921557979362,0.1562713943116183,-4.662402291953669
-0.3860311017787277,-0.4146258062473157,-0.7127353948753348,-1.0,-0.8974529107502351,-0.8290985997855567,0.32565306512523917
-0.6604018620546606,-0.6537009816251,-0.2713829867602511,-0.28099141211971096,-1.0,0.5825816815286647,-1.1435585563219057
-0.3935081162988645,-0.5275377281852656,0.20345178217566248,-1.0,-0.3699718482498632,-0.39007261972296603,0.3680808829561124
-0.16931115846520384,-1.0,-0.6422685870990565,0.1761887567562579,0.3346630493376115,-0.4019885369152355,-0.35098116968104487
1.0,1.0,0.7007985275506874,0.4008939400547694,0.3177943873411657,-0.5313227469887754,-1.0283410069498926
-0.5834111516181646,1.0,0.03697001470671224,1.0,-1.0,-1.0,2.6265917991004892
-0.19566985320391292,0.7546572493855076,0.9934085974253677,-0.2612788147458832,-0.32955652863626256,0.03550251988172698,-1.4410526995940096
0.6207600058976619,1.0,1.0,0.9804393899224688,-0.8788210659410125,-1.0,4.29994692855451
-0.6872967239167491,-0.3084431887038557,-0.8278845677177328,-1.0,-1.0,0.21293596456949748,0.13667373706307284
-0.38974379108875945,1.0,0.9149064218336581,0.8922856459131724,0.3934237007997139,-0.8122096886571724,-3.1433894490535437
-0.17267006874983581,0.9229854391166517,0.7608540070161933,0.7334205341286618,-1.0,0.8483562627835703,-2.3658392626511136
-1.0,-0.9080835545765022,-1.0,-1.0,0.10833292344455248,1.0,-1.1164027340808826
-1.0,-0.5943603209043853,-1.0,-0.04866922231918602,-0.29504536156141675,0.22664650040660772,-2.5801058311320224
0.14113549122802949,-0.4727942740844214,-0.38194748479609664,0.6137894541701385,-0.8865427544808403,0.21003332179359235,1.0988840446862131
0.03173181988794478,-0.19086418982970876,-1.0,-0.8107807732690294,-1.0,-0.16873953769670447,-0.31789093836788446
0.5339038218696497,-0.2978912033840856,-1.0,-0.695319912016987,-1.0,-0.5240531813137586,3.4296463938183113
1.0,0.5294858978244101,-0.6507650010794852,1.0,0.7683706117268617,-0.15021465441082624,-2.4911073346752888
1.0,0.847619441615245,-0.5822460665313804,1.0,0.5347312792599677,0.7527072309508896,0.12075629898318666
-1.0,-0.5833644325988785,-1.0,-1.0,-0.2539624115668675,-1.0,3.3051682770335913
0.20971146512486158,-1.0,-0.10456893388486196,0.18114210992238655,-0.16777412622534285,1.0,1.80745670943087
0.29930249784313756,-0.904809539677291,0.09248593798427031,0.11079131492166394,-0.4663930818507205,-1.0,4.81310157027136
-0.5803747556800639,-0.5808171929554352,1.0,-0.9995724888621169,0.4932315542893886,-0.7949169258373224,2.9576778197253826
-0.7868747498659205,0.9491285696161456,-0.16124477775876725,-0.1881591851938308,-0.8739492365393761,0.06889044358374563,-1.7936063227610057
0.38637226426978,1.0,0.9756200466300937,0.6127208214901034,-0.15638419327421582,-1.0,1.2277761456105851
-1.0,-1.0,-1.0,-1.0,0.7047950546988826,0.20235404426782955,-7.717307658245513
1.0,0.08001476195021029,0.08466043059083028,0.2121654908697892,-0.854722743611624,0.05167935453914324,2.0717021541207976
1.0,-0.37656886997511996,1.0,1.0,-0.4542143778174089,0.6844040376209606,0.5355722923852517
-0.8062376148244627,-1.0,-1.0,0.014998108805173826,-0.8245136635227304,-1.0,0.3824565983474404
-1.0,0.17014348980331684,-0.6133438304217443,-0.7794303320024931,1.0,0.4064969335043658,3.694159815404018
-0.015608096223699242,-1.0,-0.8376099238757778,0.5561532760712102,-0.4587002351756151,-0.8280853794700433,-0.4744098608585014
-1.0,-0.9662635208970882,-1.0,-1.0,0.6229403110020485,-0.25705116729759536,-4.673868718004589
-0.42760640071287753,0.8386128448554675,0.20244754105259954,0.19374954891742335,-0.024350409260875117,0.865092671783073,1.360085661844489
-0.024521201553251992,0.9660443516798394,0.019949997614176096,1.0,-0.7462282682975037,-1.0,3.8355946033333828
1.0,0.10822412048760832,0.22693510579974768,0.5865872086803845,-1.0,-0.4759429330788567,5.651778517072315
-0.5418511985538644,-0.30953075439754013,-1.0,-0.30636219982411583,0.9425142068564014,0.4558945475963012,1.0717771720948592
0.6524437422056903,1.0,1.0,-0.11847297489210817,1.0,-0.5753154166559222,-3.305220408548733
-0.7343883758598162,0.13953149574037005,-0.4344794071860933,-0.8730435133576305,-1.0,0.4590267914991127,0.14387239979067007
1.0,0.4100128409471495,1.0,0.7052205864420136,0.1974218902352759,0.15145072347328026,-2.0125874355678692
-1.0,-0.37602900393967365,-0.5346864126368347,0.369161337750354,0.4759012856725251,0.4904041438950204,1.1660038968965354
-0.11008826447471742,0.10803570760533565,0.3138826163391216,0.7620166926304524,-1.0,-1.0,2.913512335814233
0.427862093324046,-1.0,-0.6672663132792365,-0.8857210940645843,0.5140782819846629,-0.28430481376124717,-1.9022870971912114
-0.9880039937708702,0.7783588491081734,0.23850603338687476,-0.16955568076045402,-1.0,-0.7741891929508189,-3.1370951420287314
0.2616051027417807,0.194588774497873,0.8557855061675979,0.8473142024845729,0.32418269390379173,-0.9680331112005117,1.364409641125326
-0.032122186737626235,-1.0,-1.0,-1.0,-0.719690642586444,0.15291149929908884,-0.3540300848500788
0.330133784778306,-0.324957864623001,-0.39241002444944806,0.39527340380774734,-0.3263093769182488,-1.0,2.9542743414207107
-0.9729724395632926,1.0,-0.2398299290746125,0.026007829706862107,0.9531668881796879,-0.10421651405054,3.493177399928815
-1.0,0.4739733850752661,-0.023314993501753353,-0.08386075931077568,1.0,1.0,7.188776561226894
-0.308820421906693,-1.0,-0.3742824416781491,-0.019660924705035887,0.0043240173043103125,-0.6945796224933702,1.4980768106374747
1.0,0.17111547768768798,0.40932019622163285,0.21847829495900717,-1.0,-0.7155667947555253,4.350932080884434
-0.8500997829177254,-0.5187934854951252,-0.24508579741518982,-0.3180241515388907,-0.052083698538061995,0.5821192694835283,0.4043433242581495
-0.19218995657240867,-0.2783396032698129,0.7241736411321535,-0.15042375488674414,0.14785663697184487,1.0,-0.574976838327993
-0.20325381264104236,-0.04472271418939766,-0.7534984703103429,-0.9588766190175144,-1.0,-0.059989878147661324,-0.013391487715414402
-1.0,-0.22499565902872076,0.38084376709530066,0.2594250050547533,-0.7486844640964739,0.009541154354216708,-2.627665229743394
-0.6320489787357914,-0.26389823732726947,-0.3441843014922832,-0.2341455166421298,-1.0,-1.0,-0.48253674518130596
0.6306632152589329,0.7082798772151846,0.9402331860211872,1.0,0.3260407740473728,1.0,-4.71192493910153
1.0,1.0,0.4848284283141062,-0.32651340233738846,-0.18831598499022567,-1.0,2.9453895247553907
0.4117173039882134,-0.6623290189036755,0.02695338861662219,0.0142159456668558,-0.957452626375283,-0.7821392505334849,3.935720119266143
-0.5770296741000842,0.8996945060169268,0.5358691998015958,-0.8350242320032273,0.11044462544308786,-1.0,-0.6910505009893141
0.518677876433284,-0.7619280375897054,-0.46169173707983086,0.17541837040289743,-0.42061854196860227,-0.49656442261996947,0.8276923347248518
0.7536262554345842,1.0,1.0,0.16007242646899222,0.5075378893827021,-0.4573226939030554,-2.590208077407072
-1.0,0.3497243789707584,-0.8770248734928378,-0.10090392985807939,0.43313728857319816,-1.0,6.10227922174107
0.7190949142300465,1.0,0.28487720189505694,1.0,0.15675320918155145,-0.2514439024822849,-0.009055318322053252
0.11779894968249022,0.12925062258637118,0.09646640878275792,1.0,-1.0,-0.40365665722806576,0.8821027592703901
0.5954358688279942,-0.20838428085464478,-0.19026140052842916,0.19744241180575928,-1.0,-0.39300085638036264,1.3643158459346536
-0.17795212922291304,0.26735277036065885,-0.6315282530861589,-0.41925141524799364,-0.31215046318490103,-0.0442339675031298,-0.5948339104833793
0.9131043724696046,1.0,1.0,0.031505937512764204,-0.3539844577491827,-0.262021729555143,-1.5331634231259013
0.11121735671097827,0.008203784054645724,-1.0,-0.09163335952977661,1.0,-0.1374433754535969,-1.3001195693190013
-1.0,-1.0,-0.0515003390186054,-0.15713805856011098,0.0840925402110333,0.36910968517952053,-0.7259447052810442
0.786671161330125,1.0,0.19982688718265984,-0.013911598630934496,-0.3513089335427042,-1.0,4.113046457868992
-0.32248156266392614,0.03709603554612023,-1.0,-0.6235987743394817,0.12236854740101077,1.0,6.964517980872183
0.42940648329460246,0.31240282555383964,-0.12268478790057305,0.6425068083958344,0.7813550024348808,0.1201376999281969,-0.3207858377806945
-0.6273723511316541,0.30999967943494433,-1.0,-0.8247702966168937,0.13821108023442497,1.0,7.57151038946465
-0.6035035622065217,0.1905595831013804,-1.0,0.46697878822337546,-1.0,-0.8891892408517271,0.26283363216562017
0.8858277503329973,-0.5303536916260144,0.19073044260711358,-0.4323342541503886,-0.3629076029093059,-0.5165162297450101,3.1331181189997377
-0.9764178983491542,-0.43637351641510946,-1.0,-0.5139106219123484,0.7307860875611523,0.1716888978269564,-1.7716173422701051
-0.6148619358500089,-0.4295999898833305,-0.17300275833110235,-1.0,0.1732774156731729,-1.0,4.251017191961888
1.0,-0.9443401601026394,0.4360541509669662,0.7313050594551238,-1.0,-1.0,12.330857003654883
-0.5628392268102635,0.5339290510739867,-0.5056388688692264,1.0,0.311372294070948,0.30934738497234726,0.30240171533631943
1.0,1.0,1.0,1.0,-1.0,-0.3308676177003105,6.109354610888508
1.0,0.05296024389301612,1.0,0.6084872251970868,0.28369201423841117,0.4898420978230176,-3.061162687125344
-0.8627005699205078,-0.4657755230435425,-0.8896312092547912,-0.1484893254748838,-0.2956891024703874,-1.0,3.9311045843567944
-0.31199969637935143,-0.9173855580638477,-0.06442752986445777,0.25443711561510995,0.45995202805365437,0.3204114201797435,0.37334252981582616
1.0,1.0,0.24664870553977392,1.0,0.6285012803189449,0.09753059494050831,-3.080524090597308
1.0,-0.28541081756952513,0.252580657724905,-0.9421547819274472,0.7164470680489219,-1.0,4.542019719132886
-0.264581404309026,-1.0,-0.2214945575119302,-0.10758141957501599,-1.0,-1.0,2.7035103977459567
-1.0,0.00787175990387301,-0.8186742669272825,-0.5141468935121472,1.0,1.0,7.954048266795266
0.5258293223399209,1.0,0.7031624973210366,0.06853504503054175,0.17410088799392426,0.11120069332169538,-1.053384685257398
-1.0,-0.9810787951075506,-1.0,-0.9956736431864717,0.8786574030608906,1.0,-1.7546083322241675
-0.3336587594112955,-0.2507361512244687,0.18783299760547284,-0.830674884998331,0.5786392240242995,0.16265010629819643,-0.350569203962403
1.0,0.3326937798101328,1.0,0.24886747637427425,-1.0,1.0,3.6589558809019693
0.9334996734215265,0.5804621873309237,0.8013737674521859,-0.1246961795018216,-1.0,-0.5304296367680659,3.8632537612505957
-0.7363805506433008,-1.0,-0.3848770563907826,-1.0,0.5517470589683896,-0.6351387286064087,2.0712243872248144
0.3018454043123836,-1.0,1.0,-0.03340723223606032,-1.0,-0.6075227265217751,7.203344817947278
-0.49110189348033617,-0.13748483045333937,-1.0,-1.0,-0.838056431285392,0.7092285803171552,2.8130672530577616
-0.25553803575906237,0.541832753767068,-0.8216527083272318,0.5255320935331546,0.283589683368334,1.0,6.731624157567641
0.6781817367585095,-0.10493600964770211,1.0,0.3883363755439695,0.20450077640235498,-0.9491438388049609,1.6021987653948702
0.15055544839244395,0.8315744714421596,1.0,1.0,-0.6173629948889444,-1.0,2.1433341075239314
-0.4547887162500519,-0.1365728530512576,-0.003074388582768095,-1.0,0.08961594396609412,-0.5418838059489643,1.413960285207108
0.6947114444126703,-1.0,-1.0,0.508708367843832,-0.9118742110405222,-1.0,2.996315997220404
0.6047203661208728,0.3447321214540269,0.4153917787242517,1.0,-1.0,-0.8918676695853746,6.244026322350433
-1.0,-1.0,-1.0,-0.5245931068065068,1.0,0.3136464426127892,-6.019543957463307
-1.0,-1.0,-0.6298309716700611,-1.0,0.13226292935039274,1.0,-3.611969442542887
0.7544655921728508,0.01796787090840797,-0.7979808022980136,-0.6607782917532963,-1.0,-0.2846196758624986,3.0043181452871757
-0.47688639210342854,0.16094199883429683,0.32862464908980377,-0.040635827360191334,-0.5477597626345414,-0.7087402521668333,0.5762338958111699
-0.6409441931157882,-0.9389224517697762,0.18978806689519817,-0.9403323510249934,-1.0,0.18097524647804697,2.673867085576536
-1.0,-0.10200991806731441,-1.0,-0.2944829660686561,1.0,0.5015769937626824,0.6576419382854238
1.0,0.5093199494770841,1.0,0.415884006968124,0.2015793497916954,0.07566349724976001,-0.7693699539534448
0.6656813359101243,1.0,1.0,1.0,0.4845964046813214,0.08953321115711732,-5.583060923031809
-0.3011614272442654,0.2620457455509016,-0.022056092785134207,-0.6689447147337452,0.5472859354922377,-1.0,3.3866291455405833
-0.4282837056941834,0.7028080725661905,-1.0,-1.0,0.13167190779682314,1.0,7.394827129031486
-0.7019991287121304,0.41753132647209634,-0.21992167935437318,-0.11079303713037181,0.7703559684915362,0.9402554880774625,5.23247172520783
1.0,1.0,0.1529873451789796,0.7557836562155897,0.9029483476388646,1.0,-0.6212623248448463
0.6121918646731438,1.0,-0.6493409275800552,-1.0,1.0,-0.5775234145794337,-0.2631203241172759
-1.0,-0.779579829389883,-1.0,-1.0,-0.21603917205822354,-1.0,4.452494867602992
-1.0,-0.6487098505273261,-1.0,0.017755736566832936,-1.0,-1.0,1.2246112548140096
1.0,1.0,0.48393011809451214,0.12215801768204826,0.30934759834667425,-0.6165444169917534,-1.4393734643265699
-0.3943941434824742,0.6061549977063162,-1.0,0.5508194705304905,-0.5087843067324394,-0.33202903736841466,0.285154244034471
-1.0,-1.0,0.10945793206201837,-1.0,-0.3432745121664946,-0.01554738708635428,-1.165821797439591
-0.08241849687773417,-1.0,-1.0,-1.0,1.0,0.9860162619508744,-0.9635884871144533
-1.0,-0.30876368928511944,0.9278603993761787,-1.0,-0.8378215590324205,-0.7756678698552302,0.7503639328366504
-0.7128369714585975,-0.010241268516325897,0.14413667181414563,-0.1652324619704153,0.7237505410851568,1.0,3.833634667925763
0.7256152023239466,0.15510113142214932,1.0,1.0,1.0,0.8646422259073157,-4.792815412315583
-0.490146279805475,-1.0,0.45183760278833307,-1.0,-1.0,-0.4926990819961765,7.212014093002112
-1.0,-1.0,-0.25862135007107456,-1.0,-0.8083975406151737,0.6144230106458789,-1.3344368726639175
-0.8282614492378992,-0.2239582219524313,-0.3557519671209133,-0.7368956866305544,0.514726863486792,-0.8587239656059851,3.297776939540312
0.3470382388192307,0.6886065246522831,1.0,0.04891499762789597,0.531678310025924,0.34609915984528583,-2.1463967406163564
-0.860933492373994,-1.0,-0.44067434402136363,0.9156424953998848,-0.1455092271095788,-1.0,-0.10072071779031837
0.39080199369055657,0.13183716484358532,1.0,-0.3420811905553376,0.5171482415293411,0.24542582240492306,-0.7468946429599573
-1.0,-0.29696108217143824,-0.6805197646214459,-0.022103224750999573,-0.702201189193095,-0.7526505026143273,-0.17984509639410945
0.857787853391661,1.0,0.2757312149341189,-0.08699907533495024,0.11696483067542157,0.5918509240260461,0.2280987331219295
1.0,-0.27827659302580654,0.9589931278260692,0.7696102929906145,-0.16491362217286476,0.6890325552749789,-0.31976992205240046
-0.41651102499256054,-0.6056135257735175,0.4884565608427323,0.7545630580831926,1.0,-0.06413217339954203,0.9892109974044361
1.0,-0.31267430521048706,-0.314811329616322,0.23403375809123528,-0.0038182361726255554,-0.045293765851164514,0.4935153800165982
-0.03914536461992868,0.2941629844892955,0.228825676542113,-0.7141660479444475,-1.0,-1.0,2.0881599586591273
-0.831110651199034,-0.9414728824327869,0.7954989384741485,0.1684524939540471,-1.0,-0.009239811620020966,-0.12185406304455493
-0.9614305168903687,1.0,0.026023898200080553,0.6916097775396629,-0.2593855603730204,0.2211768838310399,-1.4412468286107325
-1.0,-0.7161859457580645,-0.06133457438567991,-0.017404055127424378,-0.22339065398818314,-1.0,3.603315721479711
0.45492556653417116,1.0,0.6819669323049007,0.3970715623652561,1.0,0.2818876591362387,-1.4760942658543104
-1.0,-1.0,-1.0,-0.7073353830842205,0.2414771992418563,-1.0,4.898513697184493
-0.2695233780676828,-0.20855463725195866,0.8192603126636623,0.5031433398174255,1.0,1.0,0.9857473641346616
-1.0,-0.8642025694311231,-1.0,-0.59536965565333,-0.6121478612674756,-1.0,3.40740423739825
0.8602741145471222,0.6072475111617128,0.34593514470823616,0.5358105895288923,-0.020565319521101078,1.0,1.8579911776715674
-1.0,-0.5089068164162107,-1.0,-0.0944698104449706,-0.6230097517368122,-0.8649528962909995,1.6857701750002128
0.4587016375066677,0.49613483131260283,1.0,1.0,-1.0,-0.5452107746498959,1.4984205751100732
-0.5301483506088635,-0.44207403302933446,-0.8580254713664655,-0.4620560452685385,0.0849469498224878,1.0,4.908477151361192
0.30297312753537764,-0.1081057081671295,-0.0208748544648292,0.7355676256003905,0.3255939932928198,1.0,3.302824326678397
1.0,0.2720650098619526,1.0,-0.5783020671712148,-1.0,-0.8719589418526953,6.23722546760103
-0.3806993360547609,0.22978185527210623,-0.19974572309509453,0.6820499543873292,-0.2035276207895433,0.9432334447955422,1.904831126369846
-1.0,-1.0,0.756182029338976,-0.9356675776478593,1.0,-0.2436929715634515,4.273769631060704
-1.0,-0.3861337381552695,-0.29782294475658144,-1.0,0.8503752498531072,1.0,4.1585593888432655
0.2643058660140171,-0.19664802369687467,-1.0,0.44512480573737845,0.9888142388986361,0.3435728498172209,-0.19543083874207257
-0.8620017247527728,-0.2973347702302697,0.3578867878567194,-0.31769792660776974,-0.6067372539983324,0.10505940697777849,-1.407428039637598
-0.15658930629949241,0.4132351092695352,0.6446525494905738,-0.7847324090697523,0.6132369440567249,-0.5767112600701676,0.5792630162242739
1.0,0.03641977399704116,0.1764645208798643,0.4007738892754308,1.0,1.0,-0.41269349388401444
0.23489392620847432,1.0,0.09125717511014286,-1.0,0.7282502175558166,1.0,5.266529995874774
-1.0,-1.0,-0.8448238254635085,-0.3871875624671641,-1.0,-0.7542817772954313,-1.6170332609007445
0.20564662785373766,0.4233176298365501,-0.2457863411571849,0.4553405248813829,0.493317014776787,1.0,3.020975319176921
-0.20572604079187845,-0.20566713768200207,0.7077339627275592,0.06158925075541133,1.0,0.1811874537478071,-0.8113552098890919
0.41036925086248666,-0.0034947119069261845,-0.48597819572687984,-0.3864484784056075,-0.2346313046945867,0.5248594136058724,0.6931927705441641
-0.9469159215747202,-1.0,0.20968077142282193,-0.6642875928386368,-1.0,-0.7168859559356392,3.7898941632482934
0.34529211833949724,-1.0,-0.7322425718705238,0.0433911965711745,0.4789730281586534,-0.2719163074837953,-2.3878012740393015
0.3258365166731959,0.9394158222321274,0.5004302947436667,1.0,0.26126735744338875,-1.0,1.708903974257209
1.0,0.27264098365575307,-0.11544060770228362,1.0,0.8645060872510151,1.0,1.168011728019483
1.0,0.7875145761179123,-0.4033153228573164,0.7447264906688222,0.0663355736545715,-0.6084606499308386,2.5822359294888417
-0.06075070706187277,0.4025689366292128,-0.03624356106644758,-0.7966551671110955,-0.43194915843424764,-0.6056711594447398,-0.8340722601139808
-0.5638219085401961,-0.7412064911579979,-0.1516691501750371,-1.0,0.7054703863451023,0.6685400732910287,0.6905606893129326
-1.0,-0.3694627611315552,0.026754792757925694,-1.0,1.0,0.33481459581299133,4.404520167973302
1.0,1.0,1.0,1.0,0.1698371026547825,0.1516445405123452,-3.994544864295821
-0.18472998579646116,-1.0,0.25979425291132124,0.314218819389419,0.19294828829914323,1.0,2.4205444625562236
-1.0,-0.8163022703110933,1.0,-0.7107192654581517,0.5378964115099507,0.4930351182190012,-2.186195847096853
-0.5355499841343124,0.38220452551427453,-0.802529756792364,0.1518320535451143,-0.6959439507067382,0.8698750030307828,3.646507437440811
1.0,1.0,1.0,0.6981484994836016,-0.5670619958436244,-0.5899838173795757,2.852419059749813
-1.0,-0.15798073620824704,-1.0,-1.0,-0.4981643895550598,-0.3988236584505529,-1.1331168156965157
-1.0,-0.9768380855830847,0.05440157857107021,-0.16416343528726074,-0.03847456230264462,1.0,-0.4497444078480437
-0.2486820583948025,-1.0,-0.3317086967624084,0.9086266600769174,0.3052365855762561,-0.26309280848487554,-1.8213570087906956
-0.472699711307177,0.03435055941328846,0.5792851214345837,0.10970807971877888,0.5314259348550155,0.0757383263338407,0.9713859574097852
0.9198721893660244,0.9435591178358476,-0.4361851081215743,0.0019119971554629328,0.03272291279875045,1.0,4.340953002482391
-1.0,-0.023239103660999794,-0.6756507726529735,-0.22167794994943368,0.8860853104069921,-0.29124855286062246,0.4702382539466533
1.0,0.06812151582122805,1.0,0.5943864667499281,0.39406154595377396,0.011215069859826649,-1.430259186981059
-1.0,-0.7887685722730746,-0.16596137051215318,-1.0,0.4316389783015857,0.06174195410249794,-0.2935488028207932
-1.0,-1.0,-0.1570271245119088,-0.36822069927416434,-1.0,-1.0,1.1588041507278994
0.78344235804053,-0.26648309813713966,-0.520436923714576,0.747972951315793,0.33574177217220996,1.0,1.9891174751545357
0.00655572626255313,-1.0,-1.0,-1.0,-0.19417331013900074,0.08430000280224473,-4.335936136174574
-1.0,0.6324744409694181,0.28947108753256334,-1.0,1.0,0.3138547380345581,4.123866901986603
-0.6291185813666953,-1.0,-0.9623398160577987,-0.7911946735491443,0.3442761960275392,0.9129099555390876,-1.6345757509453436
0.5436934402199111,0.4032862966028845,-0.3926894675130405,0.5029175811323485,0.20897072555513718,1.0,3.817939166033307
1.0,0.010597164777845225,0.025199349246440628,0.009620136556853565,-0.043863218779945305,-0.36943040294850504,1.0431871694336092
0.1705872369055873,-0.7687331792406834,0.014231970342119982,0.6032415748885257,0.25814954161628606,0.4429650640593983,-0.02342384853898749
-1.0,-0.2750648652515155,-0.31172138184355647,-1.0,0.5647762949903556,0.900656334047474,2.362851251452004
-1.0,-0.6223257548709107,-0.34313629871164175,-0.6686367598857919,1.0,0.2514990770425434,1.1095808729969139
-0.08332295279184454,-0.17541684015464054,-0.02442799380700822,-0.003953320466509314,-1.0,-0.46917892069915956,0.1795980192484552
1.0,0.18207204826142043,0.5970841606103814,0.624716015071169,-0.8036757209192529,0.08703396209520353,3.3692753219813993
-1.0,-1.0,-1.0,-0.5777500935723007,-0.985718915590883,-1.0,2.1243981447853546
-0.5096089699881783,-1.0,1.0,-0.5713519521796726,1.0,0.8386377330386161,-0.6235419798362825
0.43704440842885334,-0.010146783013678926,-1.0,-0.32064705280778416,0.19203127047562799,-0.7821523714147874,1.3259094000655471
0.955276584955608,1.0,0.24407642816180986,1.0,0.20602937004265165,1.0,0.3160254627101201
1.0,0.3226375628515745,0.4180937585038929,0.8344534468546807,-1.0,-0.22361511765273134,4.0544493303030595
-0.49613713933818665,0.12521274302226204,-0.8967162751604391,0.4965529112861724,-0.0760694789301839,-1.0,3.317275361564915
0.2852787362564452,0.7239941000058896,-0.30012923047740436,-0.5335676313391664,1.0,0.5737647715347745,3.013661898721086
-0.9809574341957921,-0.5168606475504983,-0.45171178124513856,-0.14928300972650793,0.014180823724055047,0.028120495070331097,-0.22296167068918998
0.3821382754537428,-0.6390012799191971,1.0,0.6513456886867592,-0.16573822938848148,0.2744947012789746,-0.5649611041029527
-0.02083645806023343,0.2854843689892886,0.7609613980847861,0.5056062101865522,-0.18263464816174035,-1.0,3.0802406463266636
0.3919942700187342,1.0,0.7732769974264869,0.25446968298129424,1.0,1.0,-0.7399865414474733
0.0810774698243647,-0.3477261131335722,1.0,0.024322823603656674,-0.40455953248658694,0.3565470463664456,-0.04186517821465752
0.2584016901675743,0.5671068773063537,1.0,0.34557254762658274,-1.0,-0.4786411802533409,1.1922033972610449
-0.8525122029189947,-0.3348032817643296,-0.09861408826749779,-0.30911757277158036,0.40195879604454765,1.0,2.3523338232359574
-0.7705899374484092,-0.08243412888881974,-0.799119188742815,-0.07262277259719341,0.5745156919526125,0.514478899282254,2.629935874870303
1.0,0.9771511990118107,0.9361186764569307,1.0,0.7743284217456383,1.0,-8.229285769130227
0.9847388999658815,-0.7008085510848509,-1.0,0.5862452843806512,-0.31867445990732135,-0.6286353558862587,1.523817509478469
-1.0,-0.42740792829521784,-0.6035532905861065,-0.02981921100935231,-1.0,-0.519370545372025,-1.4149594715050797
0.17109851175814444,1.0,1.0,1.0,-0.14500211298310892,-1.0,-0.7425192450620536
-0.20940553445072418,0.8458989337627771,0.28542313573736655,-0.2885776955369952,1.0,0.7756354353505993,2.8482912932207896
0.5630676478849652,-0.009574731785108037,-0.6263472566627958,-1.0,1.0,1.0,3.264417475047985
-0.5320399778989,0.5933601292670944,0.06566409467154533,-1.0,0.6627241983089798,1.0,4.241535445711828
1.0,0.7037094835210133,1.0,0.20359103363447384,-0.1296240596446594,-0.1987872898002918,-0.42940481014101806
-0.2769858584992104,-1.0,-0.6396358655696381,-0.017510063056532243,-0.7173691138398937,0.026519115609119237,-1.2657055944019855
0.9453448767779022,-0.2714256900926421,0.5678083994516958,0.5363402284149392,0.40740991762333545,0.6242341023784592,-1.306087085443437
0.9561207200368425,1.0,0.164449508309765,0.2419180591355819,0.28961279617196367,-0.8832662287230901,1.382928587962252
-1.0,-1.0,-1.0,-0.3916276056225383,0.41366713271563726,0.5109499588191797,-3.7942777204178344
-0.5977099844638186,-0.6920682688837569,-0.3567979960882633,-0.4082422662754379,-0.6126516722596324,-0.2291504023393658,-0.3422045059488066
-0.761452428309662,-0.12781762403001617,-1.0,0.7793059820696994,-0.21871670360831474,-0.21092885857764598,-0.7223930641580844
1.0,1.0,0.8031851662230513,1.0,1.0,1.0,-7.144915533772864
0.20644022333887993,-0.5260570069002447,-1.0,-0.07794265513714038,-0.24842098868058204,-0.1854110633152658,0.5096887950372029
-0.7308900705031824,-0.2417643805372558,-1.0,-1.0,-0.32910604229442686,-0.3053737649532109,-1.3017298149831544
1.0,1.0,0.7205886529765448,1.0,0.17437367440679125,-0.2591473877686986,-1.2563244189000575
1.0,-0.6794450254371229,-0.40915530953599955,0.19299813997449256,0.19150395590346247,-0.5265279952983819,0.551518649695709
-0.19450769073720497,0.431842687229013,1.0,0.7136064461322251,1.0,-0.08878179096612127,-1.3007064948157472
-0.9966817794529939,0.5461213748506606,-0.495007161160814,-1.0,-1.0,-0.707194439394278,-1.959285047811745
0.7310927666955929,1.0,0.647087372901895,1.0,-0.568711211212678,-0.5045843508736395,3.324577182157755
-1.0,-1.0,-0.5795517141332589,-1.0,1.0,-0.09545924657241639,-0.6121623492995638
-1.0,-0.7731028034054732,-0.21183232762309956,-1.0,1.0,1.0,3.025836418306827
-0.9570652966973426,-0.27003735185410427,-1.0,-0.8371800387339089,-1.0,0.6833710638124191,1.3078914263425576
-0.3685530342362484,-1.0,0.057886436002360986,-1.0,0.5733909449699233,-0.9369809656406412,5.128504437738917
0.4875879546674029,0.41001035381464224,1.0,1.0,-0.16433174847770549,-1.0,1.963550605863224
-0.42099093731584203,-0.4142831828597562,-0.6045954389440613,-1.0,1.0,0.2164431040189766,2.130414479856802
1.0,1.0,1.0,0.8753353758757736,0.8881601997732921,0.9269720866524036,-9.952480099429048
-0.08984628925814042,0.906548216282552,-0.3236909105526198,0.2757146404032145,-0.20906899740405738,-1.0,2.45512895356057
0.39985823530897635,1.0,0.1518916878829204,0.6749464537956775,1.0,1.0,3.622242631206188
-1.0,-0.9203975022183525,0.5090699751331855,-0.6210218461137691,-1.0,1.0,-2.5399900528351864
0.23832489591649983,-1.0,-1.0,0.25980240284699874,-0.4836834878446441,-0.07501608631216916,-1.826127568364288
-0.9164385662319916,0.7009485795319716,-1.0,-1.0,1.0,1.0,12.838257633816468
-0.6909772603958082,0.019785126381869522,0.5969583322514669,-0.8959250935980765,-0.6188597534982654,-0.9451114872728519,1.4546206162619866
0.0291605676518214,1.0,0.6466202685143161,1.0,-0.27006095004507413,0.4075681922513899,-0.881243286182839
-0.527564045983338,0.019117862734301327,-0.6580692764015157,-0.5439780517084356,0.9816823963471837,0.6550871372381736,3.1477337305310362
-1.0,-0.6147662867919064,-1.0,-0.9154945917177022,0.36113424727287813,0.06275606999383798,-4.33292125786193
1.0,1.0,-0.207951234994467,1.0,0.08284036132262806,0.9343986209312858,3.5641718039826995
1.0,1.0,1.0,1.0,-1.0,-0.9224383308498901,7.590993584073217
0.6706921571327075,-0.6109328301149145,0.1380238795501661,-0.007470240610729761,0.09142780901391206,1.0,2.5436138434565754
0.22560750380811168,0.2283496600571031,1.0,1.0,-0.5752709511122407,0.3123634005064738,-1.4868108367278114
-1.0,-0.22747061672073365,-0.7234686440292507,-0.21604532822278544,-0.06835999535519854,-0.302557915191779,-0.23567704186197386
0.4910843562214391,1.0,1.0,1.0,-0.07565148797442878,-1.0,0.5716160363513723
